Township,Date,Air Temp. Avg. (°C),Relative Humidity Avg. (%),Wind Speed 10 m Avg. (km/h)
T068R20W4,2010-01,-13.57370967741935483870967741935484,84.10645161290322580645161290322581,4.886774193548387096774193548387097
T068R20W4,2010-02,-8.556428571428571428571428571428571,84.30892857142857142857142857142857,5.804285714285714285714285714285714
T068R20W4,2010-03,-0.4069354838709677419354838709677419,71.62225806451612903225806451612903,7.667741935483870967741935483870968
T068R20W4,2010-04,5.586666666666666666666666666666667,58.97733333333333333333333333333333,12.47
T068R20W4,2010-05,8.591612903225806451612903225806452,63.45741935483870967741935483870968,9.018064516129032258064516129032258
T068R20W4,2010-06,14.13566666666666666666666666666667,64.48466666666666666666666666666667,7.292333333333333333333333333333333
T068R20W4,2010-07,16.27548387096774193548387096774194,72.70806451612903225806451612903226,7.351290322580645161290322580645161
T068R20W4,2010-08,15.05193548387096774193548387096774,77.80741935483870967741935483870968,7.218387096774193548387096774193548
T068R20W4,2010-09,9.000166666666666666666666666666667,76.62133333333333333333333333333333,7.625
T068R20W4,2010-10,5.618709677419354838709677419354839,68.74129032258064516129032258064516,7.766129032258064516129032258064516
T068R20W4,2010-11,-6.327666666666666666666666666666667,76.61433333333333333333333333333333,
T068R20W4,2010-12,-15.39370967741935483870967741935484,84.20580645161290322580645161290323,6.806451612903225806451612903225806
T068R20W4,2011-01,-13.96112903225806451612903225806452,80.00064516129032258064516129032258,7.998064516129032258064516129032258
T068R20W4,2011-02,-13.24553571428571428571428571428571,73.52107142857142857142857142857143,9.011428571428571428571428571428571
T068R20W4,2011-03,-9.345483870967741935483870967741935,76.86258064516129032258064516129032,9.084838709677419354838709677419355
T068R20W4,2011-04,2.379,66.412,8.663666666666666666666666666666667
T068R20W4,2011-05,11.69112903225806451612903225806452,49.48,10.70774193548387096774193548387097
T068R20W4,2011-06,13.781,71.23966666666666666666666666666667,8.369
T068R20W4,2011-07,15.45322580645161290322580645161290,74.85774193548387096774193548387097,8.433548387096774193548387096774194
T068R20W4,2011-08,15.10064516129032258064516129032258,74.30258064516129032258064516129032,7.213548387096774193548387096774194
T068R20W4,2011-09,12.39766666666666666666666666666667,65.904,7.596333333333333333333333333333333
T068R20W4,2011-10,4.977096774193548387096774193548387,71.55387096774193548387096774193548,8.256129032258064516129032258064516
T068R20W4,2011-11,-6.4475,77.85366666666666666666666666666667,7.262333333333333333333333333333333
T068R20W4,2011-12,-4.909032258064516129032258064516129,75.40935483870967741935483870967742,9.586774193548387096774193548387097
T068R20W4,2012-01,-9.252903225806451612903225806451613,73.75290322580645161290322580645161,11.02354838709677419354838709677419
T068R20W4,2012-02,-8.492586206896551724137931034482759,74.39620689655172413793103448275862,8.308965517241379310344827586206897
T068R20W4,2012-03,-2.287580645161290322580645161290323,73.26774193548387096774193548387097,10.41903225806451612903225806451613
T068R20W4,2012-04,3.046666666666666666666666666666667,64.79333333333333333333333333333333,12.07766666666666666666666666666667
T068R20W4,2012-05,9.510322580645161290322580645161290,51.69645161290322580645161290322581,12.21225806451612903225806451612903
T068R20W4,2012-06,14.69716666666666666666666666666667,67.421,10.47766666666666666666666666666667
T068R20W4,2012-07,18.26532258064516129032258064516129,74.81548387096774193548387096774194,9.430322580645161290322580645161290
T068R20W4,2012-08,16.03596774193548387096774193548387,73.87290322580645161290322580645161,8.629032258064516129032258064516129
T068R20W4,2012-09,12.07883333333333333333333333333333,69.08733333333333333333333333333333,10.629
T068R20W4,2012-10,0.1738709677419354838709677419354839,78.63838709677419354838709677419355,10.77225806451612903225806451612903
T068R20W4,2012-11,-9.3575,83.671,8.693
T068R20W4,2012-12,-17.34112903225806451612903225806452,83.20064516129032258064516129032258,6.902903225806451612903225806451613
T068R20W4,2013-01,-13.21145161290322580645161290322581,81.08516129032258064516129032258065,8.676451612903225806451612903225806
T068R20W4,2013-02,-7.002321428571428571428571428571429,81.84428571428571428571428571428571,9.563571428571428571428571428571429
T068R20W4,2013-03,-8.203064516129032258064516129032258,70.46354838709677419354838709677419,9.314838709677419354838709677419355
T068R20W4,2013-04,-0.7606666666666666666666666666666667,67.269,11.81033333333333333333333333333333
T068R20W4,2013-05,12.36112903225806451612903225806452,52.95,11.21419354838709677419354838709677
T068R20W4,2013-06,14.14266666666666666666666666666667,75.71866666666666666666666666666667,10.14066666666666666666666666666667
T068R20W4,2013-07,14.96225806451612903225806451612903,76.92677419354838709677419354838710,9.111935483870967741935483870967742
T068R20W4,2013-08,15.97064516129032258064516129032258,78.78225806451612903225806451612903,7.251290322580645161290322580645161
T068R20W4,2013-09,12.33283333333333333333333333333333,71.50633333333333333333333333333333,8.843666666666666666666666666666667
T068R20W4,2013-10,4.022741935483870967741935483870968,75.49419354838709677419354838709677,9.566774193548387096774193548387097
T068R20W4,2013-11,-8.963666666666666666666666666666667,82.84133333333333333333333333333333,8.929666666666666666666666666666667
T068R20W4,2013-12,-17.36870967741935483870967741935484,80.49741935483870967741935483870968,9.715161290322580645161290322580645
T068R20W4,2014-01,-10.38887096774193548387096774193548,76.26225806451612903225806451612903,12.01838709677419354838709677419355
T068R20W4,2014-02,-17.30803571428571428571428571428571,72.46107142857142857142857142857143,8.887857142857142857142857142857143
T068R20W4,2014-03,-8.521612903225806451612903225806452,62.98935483870967741935483870967742,9.514516129032258064516129032258065
T068R20W4,2014-04,2.4275,68.743,11.59
T068R20W4,2014-05,7.951129032258064516129032258064516,63.06903225806451612903225806451613,10.86967741935483870967741935483871
T068R20W4,2014-06,13.49816666666666666666666666666667,75.355,9.351333333333333333333333333333333
T068R20W4,2014-07,17.61516129032258064516129032258065,75.00096774193548387096774193548387,8.786451612903225806451612903225806
T068R20W4,2014-08,16.06419354838709677419354838709677,74.94096774193548387096774193548387,7.594838709677419354838709677419355
T068R20W4,2014-09,9.854333333333333333333333333333333,74.70833333333333333333333333333333,8.892666666666666666666666666666667
T068R20W4,2014-10,5.381935483870967741935483870967742,73.32903225806451612903225806451613,10.27032258064516129032258064516129
T068R20W4,2014-11,-9.973,84.58566666666666666666666666666667,8.580333333333333333333333333333333
T068R20W4,2014-12,-10.70129032258064516129032258064516,88.86516129032258064516129032258065,6.477741935483870967741935483870968
T068R20W4,2015-01,-10.81903225806451612903225806451613,80.29741935483870967741935483870968,9.327096774193548387096774193548387
T068R20W4,2015-02,-12.27339285714285714285714285714286,77.9425,9.773928571428571428571428571428571
T068R20W4,2015-03,-0.9804838709677419354838709677419355,70.91032258064516129032258064516129,10.26935483870967741935483870967742
T068R20W4,2015-04,4.460333333333333333333333333333333,56.58733333333333333333333333333333,11.878
T068R20W4,2015-05,9.315806451612903225806451612903226,51.52903225806451612903225806451613,10.81677419354838709677419354838710
T068R20W4,2015-06,14.4175,64.598,9.844333333333333333333333333333333
T068R20W4,2015-07,17.26016129032258064516129032258065,65.65838709677419354838709677419355,11.15838709677419354838709677419355
T068R20W4,2015-08,15.29354838709677419354838709677419,70.76774193548387096774193548387097,9.150967741935483870967741935483871
T068R20W4,2015-09,8.889166666666666666666666666666667,75.90933333333333333333333333333333,9.656333333333333333333333333333333
T068R20W4,2015-10,5.955,67.73903225806451612903225806451613,10.61387096774193548387096774193548
T068R20W4,2015-11,-2.8985,78.023,10.22433333333333333333333333333333
T068R20W4,2015-12,-10.17483870967741935483870967741935,83.90096774193548387096774193548387,7.555483870967741935483870967741935
T068R20W4,2016-01,-11.13403225806451612903225806451613,81.75451612903225806451612903225806,8.151612903225806451612903225806452
T068R20W4,2016-02,-4.651379310344827586206896551724138,76.65379310344827586206896551724138,10.96758620689655172413793103448276
T068R20W4,2016-03,-0.8425806451612903225806451612903226,78.08612903225806451612903225806452,10.37419354838709677419354838709677
T068R20W4,2016-04,5.8445,60.97,12.56366666666666666666666666666667
T068R20W4,2016-05,11.11870967741935483870967741935484,60.14258064516129032258064516129032,11.22322580645161290322580645161290
T068R20W4,2016-06,15.0995,68.579,11.08966666666666666666666666666667
T068R20W4,2016-07,16.70741935483870967741935483870968,75.15741935483870967741935483870968,8.641935483870967741935483870967742
T068R20W4,2016-08,15.44387096774193548387096774193548,77.80774193548387096774193548387097,9.673870967741935483870967741935484
T068R20W4,2016-09,9.929333333333333333333333333333333,75.57033333333333333333333333333333,9.739666666666666666666666666666667
T068R20W4,2016-10,0.5545161290322580645161290322580645,87.73774193548387096774193548387097,8.790967741935483870967741935483871
T068R20W4,2016-11,-0.772,83.69133333333333333333333333333333,8.418
T068R20W4,2016-12,-14.18645161290322580645161290322581,77.50354838709677419354838709677419,10.72645161290322580645161290322581
T068R20W4,2017-01,-10.31661290322580645161290322580645,78.52354838709677419354838709677419,9.341290322580645161290322580645161
T068R20W4,2017-02,-8.776428571428571428571428571428571,75.18928571428571428571428571428571,9.4175
T068R20W4,2017-03,-6.550161290322580645161290322580645,73.69516129032258064516129032258065,9.940967741935483870967741935483871
T068R20W4,2017-04,2.253,75.774,10.60166666666666666666666666666667
T068R20W4,2017-05,11.31919354838709677419354838709677,57.73322580645161290322580645161290,11.34870967741935483870967741935484
T068R20W4,2017-06,14.1995,68.981,10.686
T068R20W4,2017-07,16.39387096774193548387096774193548,74.92677419354838709677419354838710,8.894838709677419354838709677419355
T068R20W4,2017-08,15.12032258064516129032258064516129,74.94419354838709677419354838709677,8.775483870967741935483870967741935
T068R20W4,2017-09,10.45983333333333333333333333333333,76.009,8.946
T068R20W4,2017-10,3.237741935483870967741935483870968,74.86516129032258064516129032258065,12.42387096774193548387096774193548
T068R20W4,2017-11,-9.942666666666666666666666666666667,83.179,10.122
T068R20W4,2017-12,-10.19177419354838709677419354838710,72.52967741935483870967741935483871,11.23096774193548387096774193548387
T068R20W4,2018-01,-12.92935483870967741935483870967742,80.76258064516129032258064516129032,9.177741935483870967741935483870968
T068R20W4,2018-02,-14.7975,72.85392857142857142857142857142857,11.23
T068R20W4,2018-03,-6.774516129032258064516129032258065,73.51225806451612903225806451612903,10.16548387096774193548387096774194
T068R20W4,2018-04,-0.09083333333333333333333333333333333,60.365,10.77566666666666666666666666666667
T068R20W4,2018-05,13.62145161290322580645161290322581,49.74096774193548387096774193548387,11.44967741935483870967741935483871
T068R20W4,2018-06,14.60166666666666666666666666666667,69.26533333333333333333333333333333,11.053
T068R20W4,2018-07,16.48580645161290322580645161290323,73.07290322580645161290322580645161,9.074838709677419354838709677419355
T068R20W4,2018-08,15.03451612903225806451612903225806,76.04,8.609354838709677419354838709677419
T068R20W4,2018-09,5.156,77.50066666666666666666666666666667,9.114333333333333333333333333333333
T068R20W4,2018-10,2.257903225806451612903225806451613,70.92870967741935483870967741935484,9.49
T068R20W4,2018-11,-6.034666666666666666666666666666667,86.98533333333333333333333333333333,8.541333333333333333333333333333333
T068R20W4,2018-12,-10.20387096774193548387096774193548,81.71064516129032258064516129032258,9.108064516129032258064516129032258
T068R20W4,2019-01,-11.28322580645161290322580645161290,80.06806451612903225806451612903226,10.57161290322580645161290322580645
T068R20W4,2019-02,-22.1725,72.8675,8.161785714285714285714285714285714
T068R20W4,2019-03,-3.515967741935483870967741935483871,62.66516129032258064516129032258065,10.26290322580645161290322580645161
T068R20W4,2019-04,3.913333333333333333333333333333333,55.777,12.12633333333333333333333333333333
T068R20W4,2019-05,9.790161290322580645161290322580645,47.97677419354838709677419354838710,11.29419354838709677419354838709677
T068R20W4,2019-06,13.78083333333333333333333333333333,72.63033333333333333333333333333333,10.453
T068R20W4,2019-07,15.58096774193548387096774193548387,79.63193548387096774193548387096774,9.095483870967741935483870967741935
T068R20W4,2019-08,13.38419354838709677419354838709677,79.20258064516129032258064516129032,9.401290322580645161290322580645161
T068R20W4,2019-09,10.159,79.67233333333333333333333333333333,9.477333333333333333333333333333333
T068R20W4,2019-10,1.452580645161290322580645161290323,76.79870967741935483870967741935484,11.55258064516129032258064516129032
T068R20W4,2019-11,-4.784,83.71533333333333333333333333333333,9.678666666666666666666666666666667
T068R20W4,2019-12,-10.79306451612903225806451612903226,82.79322580645161290322580645161290,8.319354838709677419354838709677419
T068R20W4,2020-01,-15.69161290322580645161290322580645,79.21258064516129032258064516129032,9.129032258064516129032258064516129
T068R20W4,2020-02,-8.992586206896551724137931034482759,72.17931034482758620689655172413793,10.93586206896551724137931034482759
T068R20W4,2020-03,-8.163064516129032258064516129032258,69.38935483870967741935483870967742,11.83032258064516129032258064516129
T068R20W4,2020-04,0.1895,59.33166666666666666666666666666667,13.23833333333333333333333333333333
T068R20W4,2020-05,9.754032258064516129032258064516129,59.83516129032258064516129032258065,12.12290322580645161290322580645161
T068R20W4,2020-06,13.51183333333333333333333333333333,75.18533333333333333333333333333333,10.761
T068R20W4,2020-07,16.58483870967741935483870967741935,77.31,10.08419354838709677419354838709677
T068R20W4,2020-08,15.16177419354838709677419354838710,72.48064516129032258064516129032258,11.60064516129032258064516129032258
T068R20W4,2020-09,10.27183333333333333333333333333333,76.88,10.37366666666666666666666666666667
T068R20W4,2020-10,0.3425806451612903225806451612903226,74.86774193548387096774193548387097,11.41129032258064516129032258064516
T068R20W4,2020-11,-5.609166666666666666666666666666667,81.67133333333333333333333333333333,9.940333333333333333333333333333333
T068R20W4,2020-12,-7.399193548387096774193548387096774,78.68451612903225806451612903225806,9.158387096774193548387096774193548
T068R20W4,2021-01,-9.580645161290322580645161290322581,75.64096774193548387096774193548387,10.71709677419354838709677419354839
T068R20W4,2021-02,-17.35732142857142857142857142857143,70.54035714285714285714285714285714,11.46178571428571428571428571428571
T068R20W4,2021-03,-2.210483870967741935483870967741935,68.04677419354838709677419354838710,10.97354838709677419354838709677419
T068R20W4,2021-04,2.801,57.40966666666666666666666666666667,11.144
T068R20W4,2021-05,9.183548387096774193548387096774194,60.40161290322580645161290322580645,11.96354838709677419354838709677419
T068R20W4,2021-06,16.79283333333333333333333333333333,64.982,11.289
T068R20W4,2021-07,17.79112903225806451612903225806452,68.00838709677419354838709677419355,10.09903225806451612903225806451613
T068R20W4,2021-08,15.65145161290322580645161290322581,72.32096774193548387096774193548387,10.19290322580645161290322580645161
T068R20W4,2021-09,11.38883333333333333333333333333333,69.512,10.84666666666666666666666666666667
T068R20W4,2021-10,3.836935483870967741935483870967742,67.65580645161290322580645161290323,10.81806451612903225806451612903226
T068R20W4,2021-11,-3.912833333333333333333333333333333,80.76133333333333333333333333333333,10.01633333333333333333333333333333
T068R20W4,2021-12,-18.48532258064516129032258064516129,75.64612903225806451612903225806452,9.873870967741935483870967741935484
T068R20W4,2022-01,-13.35354838709677419354838709677419,78.96129032258064516129032258064516,10.72774193548387096774193548387097
T068R20W4,2022-02,-12.24571428571428571428571428571429,75.11035714285714285714285714285714,11.43285714285714285714285714285714
T068R20W4,2022-03,-4.654516129032258064516129032258065,70.96645161290322580645161290322581,12.11580645161290322580645161290323
T068R20W4,2022-04,1.3235,63.45666666666666666666666666666667,13.42766666666666666666666666666667
T068R20W4,2022-05,8.829354838709677419354838709677419,61.86225806451612903225806451612903,12.29870967741935483870967741935484
T068R20W4,2022-06,14.5245,68.77033333333333333333333333333333,10.54233333333333333333333333333333
T068R20W4,2022-07,16.80209677419354838709677419354839,73.92258064516129032258064516129032,9.303225806451612903225806451612903
T068R20W4,2022-08,17.53193548387096774193548387096774,74.87935483870967741935483870967742,8.825483870967741935483870967741935
T068R20W4,2022-09,12.72433333333333333333333333333333,72.05466666666666666666666666666667,9.164
T068R20W4,2022-10,6.989032258064516129032258064516129,65.89967741935483870967741935483871,10.65580645161290322580645161290323
T068R20W4,2022-11,-7.492833333333333333333333333333333,77.37,11.241
T068R20W4,2022-12,-18.59322580645161290322580645161290,80.39129032258064516129032258064516,8.610967741935483870967741935483871
T068R20W4,2023-01,-9.089516129032258064516129032258065,86.41677419354838709677419354838710,8.099677419354838709677419354838710
T068R20W4,2023-02,-10.52875,72.58107142857142857142857142857143,9.880357142857142857142857142857143
T068R20W4,2023-03,-7.806129032258064516129032258064516,68.64580645161290322580645161290323,9.110645161290322580645161290322581
T068R20W4,2023-04,3.830333333333333333333333333333333,60.63366666666666666666666666666667,11.377
T068R20W4,2023-05,14.73548387096774193548387096774194,58.55258064516129032258064516129032,11.03451612903225806451612903225806
T068R20W4,2023-06,16.08016666666666666666666666666667,70.479,10.16166666666666666666666666666667
T068R20W4,2023-07,16.680,78.26193548387096774193548387096774,8.789677419354838709677419354838710
T068R20W4,2023-08,16.17693548387096774193548387096774,79.74096774193548387096774193548387,8.515806451612903225806451612903226
T068R20W4,2023-09,11.4085,72.87233333333333333333333333333333,8.796666666666666666666666666666667
T068R20W4,2023-10,3.981129032258064516129032258064516,73.36580645161290322580645161290323,10.83612903225806451612903225806452
T068R20W4,2023-11,-1.470333333333333333333333333333333,78.074,10.17
T068R20W4,2023-12,-5.070645161290322580645161290322581,78.48193548387096774193548387096774,8.389677419354838709677419354838710
T068R20W4,2024-01,-15.26129032258064516129032258064516,78.78193548387096774193548387096774,7.712258064516129032258064516129032
T068R20W4,2024-02,-6.936206896551724137931034482758621,70.71620689655172413793103448275862,9.365172413793103448275862068965517
T068R20W4,2024-03,-6.000645161290322580645161290322581,65.47774193548387096774193548387097,11.68516129032258064516129032258065
T068R20W4,2024-04,4.409166666666666666666666666666667,54.296,12.665
T068R20W4,2024-05,9.490322580645161290322580645161290,65.83741935483870967741935483870968,12.08193548387096774193548387096774
T068R20W4,2024-06,12.25316666666666666666666666666667,68.54733333333333333333333333333333,12.066
T068R20W4,2024-07,18.84725806451612903225806451612903,71.74258064516129032258064516129032,9.608387096774193548387096774193548
T068R20W4,2024-08,15.99612903225806451612903225806452,75.22709677419354838709677419354839,9.115161290322580645161290322580645
T068R20W4,2024-09,12.90416666666666666666666666666667,71.76633333333333333333333333333333,9.003666666666666666666666666666667
T068R20W4,2024-10,4.301935483870967741935483870967742,74.67709677419354838709677419354839,10.22516129032258064516129032258065
T068R20W4,2024-11,-6.356166666666666666666666666666667,82.64533333333333333333333333333333,8.692666666666666666666666666666667
T068R20W4,2024-12,-10.07467741935483870967741935483871,83.37387096774193548387096774193548,9.171290322580645161290322580645161
T118R05W5,2010-01,,,
T118R05W5,2010-02,,,
T118R05W5,2010-03,,,
T118R05W5,2010-04,,,
T118R05W5,2010-05,,,
T118R05W5,2010-06,,,
T118R05W5,2010-07,,,
T118R05W5,2010-08,,,
T118R05W5,2010-09,,,
T118R05W5,2010-10,,,
T118R05W5,2010-11,,,
T118R05W5,2010-12,,,
T118R05W5,2011-01,,,
T118R05W5,2011-02,,,
T118R05W5,2011-03,,,
T118R05W5,2011-04,,,
T118R05W5,2011-05,,,
T118R05W5,2011-06,,,
T118R05W5,2011-07,,,
T118R05W5,2011-08,,,
T118R05W5,2011-09,,,
T118R05W5,2011-10,,,
T118R05W5,2011-11,,,
T118R05W5,2011-12,,,
T118R05W5,2012-01,-16.22951612903225806451612903225806,88.59935483870967741935483870967742,10.72354838709677419354838709677419
T118R05W5,2012-02,-9.829482758620689655172413793103448,77.39448275862068965517241379310345,12.26689655172413793103448275862069
T118R05W5,2012-03,,,
T118R05W5,2012-04,-2.0665,66.65433333333333333333333333333333,14.245
T118R05W5,2012-05,8.112741935483870967741935483870968,56.80322580645161290322580645161290,13.49677419354838709677419354838710
T118R05W5,2012-06,12.1395,75.81766666666666666666666666666667,12.67033333333333333333333333333333
T118R05W5,2012-07,17.21338709677419354838709677419355,62.84,11.42870967741935483870967741935484
T118R05W5,2012-08,12.61258064516129032258064516129032,73.31709677419354838709677419354839,13.29258064516129032258064516129032
T118R05W5,2012-09,-0.5073333333333333333333333333333333,72.28333333333333333333333333333333,14.20533333333333333333333333333333
T118R05W5,2012-10,-6.586774193548387096774193548387097,92.44225806451612903225806451612903,9.810645161290322580645161290322581
T118R05W5,2012-11,,,
T118R05W5,2012-12,-16.87080645161290322580645161290323,,
T118R05W5,2013-01,-20.22548387096774193548387096774194,91.87806451612903225806451612903226,2.021612903225806451612903225806452
T118R05W5,2013-02,-12.605,91.89785714285714285714285714285714,6.787857142857142857142857142857143
T118R05W5,2013-03,,,
T118R05W5,2013-04,,,
T118R05W5,2013-05,,,
T118R05W5,2013-06,13.94966666666666666666666666666667,68.16533333333333333333333333333333,12.29666666666666666666666666666667
T118R05W5,2013-07,13.32064516129032258064516129032258,65.25548387096774193548387096774194,13.04032258064516129032258064516129
T118R05W5,2013-08,13.84693548387096774193548387096774,73.77419354838709677419354838709677,11.24870967741935483870967741935484
T118R05W5,2013-09,10.17633333333333333333333333333333,72.85366666666666666666666666666667,13.62333333333333333333333333333333
T118R05W5,2013-10,0.6867741935483870967741935483870968,84.58451612903225806451612903225806,12.83935483870967741935483870967742
T118R05W5,2013-11,-12.8245,80.78266666666666666666666666666667,9.039666666666666666666666666666667
T118R05W5,2013-12,-23.73467741935483870967741935483871,72.68806451612903225806451612903226,4.755483870967741935483870967741935
T118R05W5,2014-01,-16.77387096774193548387096774193548,79.09451612903225806451612903225806,9.233225806451612903225806451612903
T118R05W5,2014-02,,,
T118R05W5,2014-03,-13.79161290322580645161290322580645,66.27032258064516129032258064516129,12.28258064516129032258064516129032
T118R05W5,2014-04,-3.365166666666666666666666666666667,63.90533333333333333333333333333333,13.85733333333333333333333333333333
T118R05W5,2014-05,4.447580645161290322580645161290323,63.10161290322580645161290322580645,13.26193548387096774193548387096774
T118R05W5,2014-06,13.18133333333333333333333333333333,59.94266666666666666666666666666667,11.77566666666666666666666666666667
T118R05W5,2014-07,16.70241935483870967741935483870968,68.99064516129032258064516129032258,11.73451612903225806451612903225806
T118R05W5,2014-08,13.84193548387096774193548387096774,67.80967741935483870967741935483871,12.03
T118R05W5,2014-09,6.509333333333333333333333333333333,77.29466666666666666666666666666667,12.95633333333333333333333333333333
T118R05W5,2014-10,0.3961290322580645161290322580645161,90.30774193548387096774193548387097,11.34548387096774193548387096774194
T118R05W5,2014-11,-14.05966666666666666666666666666667,79.85033333333333333333333333333333,7.513333333333333333333333333333333
T118R05W5,2014-12,-13.66387096774193548387096774193548,80.85677419354838709677419354838710,8.040645161290322580645161290322581
T118R05W5,2015-01,-15.96903225806451612903225806451613,79.62322580645161290322580645161290,11.18967741935483870967741935483871
T118R05W5,2015-02,-19.20517857142857142857142857142857,75.89857142857142857142857142857143,12.67892857142857142857142857142857
T118R05W5,2015-03,-8.013709677419354838709677419354839,69.79096774193548387096774193548387,12.25225806451612903225806451612903
T118R05W5,2015-04,0.7535,50.414,14.18066666666666666666666666666667
T118R05W5,2015-05,8.290806451612903225806451612903226,44.39032258064516129032258064516129,11.64
T118R05W5,2015-06,13.14316666666666666666666666666667,62.78833333333333333333333333333333,12.53866666666666666666666666666667
T118R05W5,2015-07,14.04274193548387096774193548387097,78.27,11.38903225806451612903225806451613
T118R05W5,2015-08,12.58209677419354838709677419354839,76.53580645161290322580645161290323,13.25354838709677419354838709677419
T118R05W5,2015-09,6.3755,79.305,13.555
T118R05W5,2015-10,0.3325806451612903225806451612903226,88.01709677419354838709677419354839,12.20741935483870967741935483870968
T118R05W5,2015-11,-7.9155,85.29666666666666666666666666666667,7.923666666666666666666666666666667
T118R05W5,2015-12,-13.63451612903225806451612903225806,86.55451612903225806451612903225806,4.317096774193548387096774193548387
T118R05W5,2016-01,-13.11548387096774193548387096774194,83.63677419354838709677419354838710,7.954516129032258064516129032258065
T118R05W5,2016-02,-13.31586206896551724137931034482759,81.99,7.524482758620689655172413793103448
T118R05W5,2016-03,-7.327580645161290322580645161290323,77.11064516129032258064516129032258,9.694516129032258064516129032258065
T118R05W5,2016-04,-0.837,65.75366666666666666666666666666667,13.60833333333333333333333333333333
T118R05W5,2016-05,8.297258064516129032258064516129032,67.63838709677419354838709677419355,11.97935483870967741935483870967742
T118R05W5,2016-06,13.43083333333333333333333333333333,70.977,11.91366666666666666666666666666667
T118R05W5,2016-07,14.91935483870967741935483870967742,78.07870967741935483870967741935484,10.20
T118R05W5,2016-08,13.13241935483870967741935483870968,80.81290322580645161290322580645161,11.54806451612903225806451612903226
T118R05W5,2016-09,7.0405,83.76,14.17733333333333333333333333333333
T118R05W5,2016-10,-2.948387096774193548387096774193548,93.90967741935483870967741935483871,6.745483870967741935483870967741935
T118R05W5,2016-11,-5.225833333333333333333333333333333,83.75833333333333333333333333333333,8.985666666666666666666666666666667
T118R05W5,2016-12,-18.58387096774193548387096774193548,80.12935483870967741935483870967742,6.438709677419354838709677419354839
T118R05W5,2017-01,-13.07467741935483870967741935483871,80.55129032258064516129032258064516,10.66451612903225806451612903225806
T118R05W5,2017-02,-14.67446428571428571428571428571429,77.53392857142857142857142857142857,7.748571428571428571428571428571429
T118R05W5,2017-03,,,
T118R05W5,2017-04,-1.516166666666666666666666666666667,55.02933333333333333333333333333333,12.13833333333333333333333333333333
T118R05W5,2017-05,8.539677419354838709677419354838710,60.24161290322580645161290322580645,13.31806451612903225806451612903226
T118R05W5,2017-06,11.97716666666666666666666666666667,66.15,11.015
T118R05W5,2017-07,14.97258064516129032258064516129032,69.74645161290322580645161290322581,10.46258064516129032258064516129032
T118R05W5,2017-08,14.43725806451612903225806451612903,65.96354838709677419354838709677419,11.89483870967741935483870967741935
T118R05W5,2017-09,9.3875,71.594,11.968
T118R05W5,2017-10,-0.9940322580645161290322580645161290,86.92935483870967741935483870967742,12.09225806451612903225806451612903
T118R05W5,2017-11,-15.49966666666666666666666666666667,82.28566666666666666666666666666667,8.835
T118R05W5,2017-12,-14.02725806451612903225806451612903,78.88677419354838709677419354838710,11.24612903225806451612903225806452
T118R05W5,2018-01,-16.14048387096774193548387096774194,76.42032258064516129032258064516129,8.238709677419354838709677419354839
T118R05W5,2018-02,-19.08517857142857142857142857142857,73.42642857142857142857142857142857,14.46785714285714285714285714285714
T118R05W5,2018-03,-10.16725806451612903225806451612903,64.13903225806451612903225806451613,12.07870967741935483870967741935484
T118R05W5,2018-04,-4.172333333333333333333333333333333,59.19866666666666666666666666666667,12.631
T118R05W5,2018-05,9.342903225806451612903225806451613,55.43709677419354838709677419354839,12.24225806451612903225806451612903
T118R05W5,2018-06,12.332,71.035,11.67866666666666666666666666666667
T118R05W5,2018-07,13.96467741935483870967741935483871,70.43354838709677419354838709677419,11.64806451612903225806451612903226
T118R05W5,2018-08,12.19161290322580645161290322580645,69.87064516129032258064516129032258,11.61064516129032258064516129032258
T118R05W5,2018-09,0.6513333333333333333333333333333333,72.29033333333333333333333333333333,12.26166666666666666666666666666667
T118R05W5,2018-10,-1.509032258064516129032258064516129,73.19032258064516129032258064516129,11.01580645161290322580645161290323
T118R05W5,2018-11,,,
T118R05W5,2018-12,-12.38161290322580645161290322580645,,
T118R05W5,2019-01,-17.54161290322580645161290322580645,77.23806451612903225806451612903226,10.87935483870967741935483870967742
T118R05W5,2019-02,-21.50017857142857142857142857142857,70.55035714285714285714285714285714,9.469642857142857142857142857142857
T118R05W5,2019-03,-4.545161290322580645161290322580645,62.18161290322580645161290322580645,13.28419354838709677419354838709677
T118R05W5,2019-04,-0.7266666666666666666666666666666667,63.937,11.17033333333333333333333333333333
T118R05W5,2019-05,6.143548387096774193548387096774194,51.79645161290322580645161290322581,11.35612903225806451612903225806452
T118R05W5,2019-06,10.8605,70.804,11.192
T118R05W5,2019-07,13.55677419354838709677419354838710,68.95161290322580645161290322580645,10.18677419354838709677419354838710
T118R05W5,2019-08,,,
T118R05W5,2019-09,6.911833333333333333333333333333333,,11.18833333333333333333333333333333
T118R05W5,2019-10,-1.591935483870967741935483870967742,82.35774193548387096774193548387097,
T118R05W5,2019-11,,,
T118R05W5,2019-12,-16.32129032258064516129032258064516,77.15903225806451612903225806451613,9.061290322580645161290322580645161
T118R05W5,2020-01,-17.46645161290322580645161290322581,77.09032258064516129032258064516129,
T118R05W5,2020-02,-14.77275862068965517241379310344828,71.46793103448275862068965517241379,11.51586206896551724137931034482759
T118R05W5,2020-03,-14.69741935483870967741935483870968,67.68774193548387096774193548387097,12.66290322580645161290322580645161
T118R05W5,2020-04,-4.572333333333333333333333333333333,68.04466666666666666666666666666667,12.60833333333333333333333333333333
T118R05W5,2020-05,4.935967741935483870967741935483871,63.23387096774193548387096774193548,11.33129032258064516129032258064516
T118R05W5,2020-06,11.83516666666666666666666666666667,68.56133333333333333333333333333333,11.20
T118R05W5,2020-07,14.33838709677419354838709677419355,76.06903225806451612903225806451613,10.84967741935483870967741935483871
T118R05W5,2020-08,12.50709677419354838709677419354839,80.31838709677419354838709677419355,12.79516129032258064516129032258065
T118R05W5,2020-09,6.786166666666666666666666666666667,78.51633333333333333333333333333333,11.26533333333333333333333333333333
T118R05W5,2020-10,-4.358870967741935483870967741935484,83.56516129032258064516129032258065,
T118R05W5,2020-11,,,
T118R05W5,2020-12,-12.70967741935483870967741935483871,72.78935483870967741935483870967742,
T118R05W5,2021-01,,,
T118R05W5,2021-02,-22.32964285714285714285714285714286,65.00857142857142857142857142857143,11.39892857142857142857142857142857
T118R05W5,2021-03,-10.49274193548387096774193548387097,66.46516129032258064516129032258065,12.46290322580645161290322580645161
T118R05W5,2021-04,-4.559,62.65366666666666666666666666666667,13.60666666666666666666666666666667
T118R05W5,2021-05,5.491612903225806451612903225806452,59.41419354838709677419354838709677,11.59806451612903225806451612903226
T118R05W5,2021-06,14.39666666666666666666666666666667,61.05933333333333333333333333333333,11.88966666666666666666666666666667
T118R05W5,2021-07,14.75451612903225806451612903225806,71.15516129032258064516129032258065,11.52870967741935483870967741935484
T118R05W5,2021-08,12.47741935483870967741935483870968,71.93161290322580645161290322580645,12.21032258064516129032258064516129
T118R05W5,2021-09,7.909166666666666666666666666666667,81.75,13.19633333333333333333333333333333
T118R05W5,2021-10,0.7814516129032258064516129032258065,77.21064516129032258064516129032258,14.21258064516129032258064516129032
T118R05W5,2021-11,-9.405333333333333333333333333333333,79.67366666666666666666666666666667,
T118R05W5,2021-12,,,
T118R05W5,2022-01,,,
T118R05W5,2022-02,,,
T118R05W5,2022-03,,,
T118R05W5,2022-04,,,
T118R05W5,2022-05,,,
T118R05W5,2022-06,,,
T118R05W5,2022-07,,,
T118R05W5,2022-08,,,
T118R05W5,2022-09,,,
T118R05W5,2022-10,,,
T118R05W5,2022-11,,,
T118R05W5,2022-12,,,
T118R05W5,2023-01,,,
T118R05W5,2023-02,,,
T118R05W5,2023-03,,,
T118R05W5,2023-04,,,
T118R05W5,2023-05,,,
T118R05W5,2023-06,,,
T118R05W5,2023-07,,,
T118R05W5,2023-08,,,
T118R05W5,2023-09,,,
T118R05W5,2023-10,,,
T118R05W5,2023-11,,,
T118R05W5,2023-12,,,
T118R05W5,2024-01,,,
T118R05W5,2024-02,,,
T118R05W5,2024-03,,,
T118R05W5,2024-04,,,
T118R05W5,2024-05,,,
T118R05W5,2024-06,,,
T118R05W5,2024-07,,,
T118R05W5,2024-08,,,
T118R05W5,2024-09,,,
T118R05W5,2024-10,,,
T118R05W5,2024-11,,,
T118R05W5,2024-12,,,
T118R07W6,2010-01,,,
T118R07W6,2010-02,,,
T118R07W6,2010-03,,,
T118R07W6,2010-04,,,
T118R07W6,2010-05,,,
T118R07W6,2010-06,12.98283333333333333333333333333333,,
T118R07W6,2010-07,15.36548387096774193548387096774194,,
T118R07W6,2010-08,,,
T118R07W6,2010-09,,,
T118R07W6,2010-10,,,
T118R07W6,2010-11,,,
T118R07W6,2010-12,,,
T118R07W6,2011-01,,,
T118R07W6,2011-02,,,
T118R07W6,2011-03,,,
T118R07W6,2011-04,,,
T118R07W6,2011-05,,,
T118R07W6,2011-06,12.07966666666666666666666666666667,,
T118R07W6,2011-07,14.96951612903225806451612903225806,,
T118R07W6,2011-08,,,
T118R07W6,2011-09,,,
T118R07W6,2011-10,,,
T118R07W6,2011-11,,,
T118R07W6,2011-12,,,
T118R07W6,2012-01,,,
T118R07W6,2012-02,,,
T118R07W6,2012-03,,,
T118R07W6,2012-04,,,
T118R07W6,2012-05,,,
T118R07W6,2012-06,13.15583333333333333333333333333333,,
T118R07W6,2012-07,,,
T118R07W6,2012-08,,,
T118R07W6,2012-09,,,
T118R07W6,2012-10,,,
T118R07W6,2012-11,,,
T118R07W6,2012-12,,,
T118R07W6,2013-01,,,
T118R07W6,2013-02,,,
T118R07W6,2013-03,,,
T118R07W6,2013-04,,,
T118R07W6,2013-05,,,
T118R07W6,2013-06,14.70183333333333333333333333333333,,
T118R07W6,2013-07,14.11661290322580645161290322580645,,
T118R07W6,2013-08,,,
T118R07W6,2013-09,,,
T118R07W6,2013-10,,,
T118R07W6,2013-11,,,
T118R07W6,2013-12,,,
T118R07W6,2014-01,,,
T118R07W6,2014-02,,,
T118R07W6,2014-03,,,
T118R07W6,2014-04,,,
T118R07W6,2014-05,,,
T118R07W6,2014-06,13.81433333333333333333333333333333,,
T118R07W6,2014-07,17.37564516129032258064516129032258,,
T118R07W6,2014-08,14.99532258064516129032258064516129,,
T118R07W6,2014-09,,,
T118R07W6,2014-10,,,
T118R07W6,2014-11,,,
T118R07W6,2014-12,,,
T118R07W6,2015-01,,,
T118R07W6,2015-02,,,
T118R07W6,2015-03,,,
T118R07W6,2015-04,,,
T118R07W6,2015-05,,,
T118R07W6,2015-06,14.75666666666666666666666666666667,,
T118R07W6,2015-07,15.37451612903225806451612903225806,,
T118R07W6,2015-08,13.18225806451612903225806451612903,,
T118R07W6,2015-09,,,
T118R07W6,2015-10,,,
T118R07W6,2015-11,,,
T118R07W6,2015-12,,,
T118R07W6,2016-01,,,
T118R07W6,2016-02,,,
T118R07W6,2016-03,,,
T118R07W6,2016-04,,,
T118R07W6,2016-05,9.148548387096774193548387096774194,,
T118R07W6,2016-06,15.13083333333333333333333333333333,,
T118R07W6,2016-07,16.24661290322580645161290322580645,,
T118R07W6,2016-08,,,
T118R07W6,2016-09,,,
T118R07W6,2016-10,,,
T118R07W6,2016-11,,,
T118R07W6,2016-12,,,
T118R07W6,2017-01,,,
T118R07W6,2017-02,,,
T118R07W6,2017-03,,,
T118R07W6,2017-04,,,
T118R07W6,2017-05,,,
T118R07W6,2017-06,12.9555,,
T118R07W6,2017-07,15.37709677419354838709677419354839,,
T118R07W6,2017-08,,,
T118R07W6,2017-09,,,
T118R07W6,2017-10,,,
T118R07W6,2017-11,,,
T118R07W6,2017-12,,,
T118R07W6,2018-01,,,
T118R07W6,2018-02,,,
T118R07W6,2018-03,,,
T118R07W6,2018-04,,,
T118R07W6,2018-05,,,
T118R07W6,2018-06,13.37116666666666666666666666666667,,
T118R07W6,2018-07,15.34403225806451612903225806451613,,
T118R07W6,2018-08,,,
T118R07W6,2018-09,,,
T118R07W6,2018-10,,,
T118R07W6,2018-11,,,
T118R07W6,2018-12,,,
T118R07W6,2019-01,,,
T118R07W6,2019-02,,,
T118R07W6,2019-03,,,
T118R07W6,2019-04,,,
T118R07W6,2019-05,,,
T118R07W6,2019-06,11.99633333333333333333333333333333,,
T118R07W6,2019-07,15.14112903225806451612903225806452,,
T118R07W6,2019-08,,,
T118R07W6,2019-09,,,
T118R07W6,2019-10,,,
T118R07W6,2019-11,,,
T118R07W6,2019-12,,,
T118R07W6,2020-01,,,
T118R07W6,2020-02,,,
T118R07W6,2020-03,,,
T118R07W6,2020-04,,,
T118R07W6,2020-05,,,
T118R07W6,2020-06,,,
T118R07W6,2020-07,,,
T118R07W6,2020-08,,,
T118R07W6,2020-09,,,
T118R07W6,2020-10,,,
T118R07W6,2020-11,,,
T118R07W6,2020-12,,,
T118R07W6,2021-01,,,
T118R07W6,2021-02,,,
T118R07W6,2021-03,,,
T118R07W6,2021-04,,,
T118R07W6,2021-05,,,
T118R07W6,2021-06,,,
T118R07W6,2021-07,,,
T118R07W6,2021-08,,,
T118R07W6,2021-09,,,
T118R07W6,2021-10,,,
T118R07W6,2021-11,,,
T118R07W6,2021-12,,,
T118R07W6,2022-01,,,
T118R07W6,2022-02,,,
T118R07W6,2022-03,,,
T118R07W6,2022-04,,,
T118R07W6,2022-05,,,
T118R07W6,2022-06,,,
T118R07W6,2022-07,,,
T118R07W6,2022-08,,,
T118R07W6,2022-09,,,
T118R07W6,2022-10,,,
T118R07W6,2022-11,,,
T118R07W6,2022-12,,,
T118R07W6,2023-01,,,
T118R07W6,2023-02,,,
T118R07W6,2023-03,,,
T118R07W6,2023-04,,,
T118R07W6,2023-05,,,
T118R07W6,2023-06,,,
T118R07W6,2023-07,,,
T118R07W6,2023-08,,,
T118R07W6,2023-09,,,
T118R07W6,2023-10,,,
T118R07W6,2023-11,,,
T118R07W6,2023-12,,,
T118R07W6,2024-01,,,
T118R07W6,2024-02,,,
T118R07W6,2024-03,,,
T118R07W6,2024-04,3.775666666666666666666666666666667,52.09233333333333333333333333333333,8.539666666666666666666666666666667
T118R07W6,2024-05,10.53048387096774193548387096774194,50.86903225806451612903225806451613,8.361612903225806451612903225806452
T118R07W6,2024-06,13.436,59.48333333333333333333333333333333,7.678666666666666666666666666666667
T118R07W6,2024-07,19.13629032258064516129032258064516,57.31419354838709677419354838709677,7.660322580645161290322580645161290
T118R07W6,2024-08,15.69274193548387096774193548387097,65.33225806451612903225806451612903,7.053548387096774193548387096774194
T118R07W6,2024-09,10.83566666666666666666666666666667,68.748,7.268
T118R07W6,2024-10,0.4382258064516129032258064516129032,74.83967741935483870967741935483871,7.606774193548387096774193548387097
T118R07W6,2024-11,-12.39833333333333333333333333333333,84.53466666666666666666666666666667,6.373333333333333333333333333333333
T118R07W6,2024-12,-14.68774193548387096774193548387097,83.93193548387096774193548387096774,6.340645161290322580645161290322581
T118R11W4,2010-01,,,
T118R11W4,2010-02,,,
T118R11W4,2010-03,,,
T118R11W4,2010-04,,,
T118R11W4,2010-05,,,
T118R11W4,2010-06,15.1995,,
T118R11W4,2010-07,17.70467741935483870967741935483871,,
T118R11W4,2010-08,,,
T118R11W4,2010-09,,,
T118R11W4,2010-10,,,
T118R11W4,2010-11,,,
T118R11W4,2010-12,,,
T118R11W4,2011-01,,,
T118R11W4,2011-02,,,
T118R11W4,2011-03,,,
T118R11W4,2011-04,,,
T118R11W4,2011-05,,,
T118R11W4,2011-06,14.3805,,
T118R11W4,2011-07,18.16919354838709677419354838709677,,
T118R11W4,2011-08,,,
T118R11W4,2011-09,,,
T118R11W4,2011-10,,,
T118R11W4,2011-11,,,
T118R11W4,2011-12,,,
T118R11W4,2012-01,,,
T118R11W4,2012-02,,,
T118R11W4,2012-03,,,
T118R11W4,2012-04,,,
T118R11W4,2012-05,,,
T118R11W4,2012-06,15.03016666666666666666666666666667,,
T118R11W4,2012-07,,,
T118R11W4,2012-08,,,
T118R11W4,2012-09,,,
T118R11W4,2012-10,,,
T118R11W4,2012-11,,,
T118R11W4,2012-12,,,
T118R11W4,2013-01,,,
T118R11W4,2013-02,,,
T118R11W4,2013-03,,,
T118R11W4,2013-04,,,
T118R11W4,2013-05,,,
T118R11W4,2013-06,16.82616666666666666666666666666667,,
T118R11W4,2013-07,16.12258064516129032258064516129032,,
T118R11W4,2013-08,,,
T118R11W4,2013-09,,,
T118R11W4,2013-10,,,
T118R11W4,2013-11,,,
T118R11W4,2013-12,,,
T118R11W4,2014-01,,,
T118R11W4,2014-02,,,
T118R11W4,2014-03,,,
T118R11W4,2014-04,,,
T118R11W4,2014-05,,,
T118R11W4,2014-06,,,
T118R11W4,2014-07,19.08032258064516129032258064516129,,
T118R11W4,2014-08,16.14725806451612903225806451612903,,
T118R11W4,2014-09,,,
T118R11W4,2014-10,,,
T118R11W4,2014-11,,,
T118R11W4,2014-12,,,
T118R11W4,2015-01,,,
T118R11W4,2015-02,,,
T118R11W4,2015-03,,,
T118R11W4,2015-04,,,
T118R11W4,2015-05,,,
T118R11W4,2015-06,15.765,,
T118R11W4,2015-07,16.55677419354838709677419354838710,,
T118R11W4,2015-08,,,
T118R11W4,2015-09,,,
T118R11W4,2015-10,,,
T118R11W4,2015-11,,,
T118R11W4,2015-12,,,
T118R11W4,2016-01,,,
T118R11W4,2016-02,,,
T118R11W4,2016-03,,,
T118R11W4,2016-04,,,
T118R11W4,2016-05,,,
T118R11W4,2016-06,16.252,,
T118R11W4,2016-07,17.85129032258064516129032258064516,,
T118R11W4,2016-08,,,
T118R11W4,2016-09,,,
T118R11W4,2016-10,,,
T118R11W4,2016-11,,,
T118R11W4,2016-12,,,
T118R11W4,2017-01,,,
T118R11W4,2017-02,,,
T118R11W4,2017-03,,,
T118R11W4,2017-04,,,
T118R11W4,2017-05,,,
T118R11W4,2017-06,14.508,,
T118R11W4,2017-07,18.11274193548387096774193548387097,,
T118R11W4,2017-08,17.24177419354838709677419354838710,,
T118R11W4,2017-09,,,
T118R11W4,2017-10,,,
T118R11W4,2017-11,,,
T118R11W4,2017-12,,,
T118R11W4,2018-01,,,
T118R11W4,2018-02,,,
T118R11W4,2018-03,,,
T118R11W4,2018-04,,,
T118R11W4,2018-05,,,
T118R11W4,2018-06,15.64633333333333333333333333333333,,
T118R11W4,2018-07,17.25790322580645161290322580645161,67.26548387096774193548387096774194,11.06290322580645161290322580645161
T118R11W4,2018-08,14.80645161290322580645161290322581,66.28838709677419354838709677419355,10.96258064516129032258064516129032
T118R11W4,2018-09,3.283,68.98566666666666666666666666666667,11.09866666666666666666666666666667
T118R11W4,2018-10,-0.6996774193548387096774193548387097,73.47741935483870967741935483870968,10.13516129032258064516129032258065
T118R11W4,2018-11,-10.70583333333333333333333333333333,81.77133333333333333333333333333333,9.752333333333333333333333333333333
T118R11W4,2018-12,-14.82338709677419354838709677419355,82.35193548387096774193548387096774,8.076451612903225806451612903225806
T118R11W4,2019-01,-21.93338709677419354838709677419355,75.24451612903225806451612903225806,10.02903225806451612903225806451613
T118R11W4,2019-02,-24.37142857142857142857142857142857,,
T118R11W4,2019-03,-5.344838709677419354838709677419355,62.60032258064516129032258064516129,11.35806451612903225806451612903226
T118R11W4,2019-04,0.461,62.68466666666666666666666666666667,10.398
T118R11W4,2019-05,7.159032258064516129032258064516129,51.97967741935483870967741935483871,11.59935483870967741935483870967742
T118R11W4,2019-06,14.108,64.35666666666666666666666666666667,10.86333333333333333333333333333333
T118R11W4,2019-07,16.41854838709677419354838709677419,62.04064516129032258064516129032258,10.03193548387096774193548387096774
T118R11W4,2019-08,14.12032258064516129032258064516129,74.86193548387096774193548387096774,9.577419354838709677419354838709677
T118R11W4,2019-09,9.422833333333333333333333333333333,78.249,9.279333333333333333333333333333333
T118R11W4,2019-10,0.8861290322580645161290322580645161,79.73806451612903225806451612903226,10.70516129032258064516129032258065
T118R11W4,2019-11,-9.387166666666666666666666666666667,83.146,9.564333333333333333333333333333333
T118R11W4,2019-12,-19.47467741935483870967741935483871,79.08677419354838709677419354838710,
T118R11W4,2020-01,-19.33870967741935483870967741935484,78.45096774193548387096774193548387,
T118R11W4,2020-02,-17.41310344827586206896551724137931,73.74896551724137931034482758620690,10.12206896551724137931034482758621
T118R11W4,2020-03,-14.81241935483870967741935483870968,64.78645161290322580645161290322581,11.52451612903225806451612903225806
T118R11W4,2020-04,-4.1155,64.068,11.24133333333333333333333333333333
T118R11W4,2020-05,5.986451612903225806451612903225806,60.49645161290322580645161290322581,11.79935483870967741935483870967742
T118R11W4,2020-06,14.73883333333333333333333333333333,60.28566666666666666666666666666667,11.619
T118R11W4,2020-07,17.48080645161290322580645161290323,72.00645161290322580645161290322581,9.644838709677419354838709677419355
T118R11W4,2020-08,15.79532258064516129032258064516129,77.43322580645161290322580645161290,11.91096774193548387096774193548387
T118R11W4,2020-09,8.488333333333333333333333333333333,77.21833333333333333333333333333333,9.457666666666666666666666666666667
T118R11W4,2020-10,-1.193709677419354838709677419354839,82.09193548387096774193548387096774,11.76838709677419354838709677419355
T118R11W4,2020-11,-11.86016666666666666666666666666667,82.731,9.715
T118R11W4,2020-12,-15.65322580645161290322580645161290,79.43806451612903225806451612903226,
T118R11W4,2021-01,-15.640,79.12774193548387096774193548387097,
T118R11W4,2021-02,-23.86017857142857142857142857142857,68.19071428571428571428571428571429,9.491428571428571428571428571428571
T118R11W4,2021-03,-10.67306451612903225806451612903226,66.44419354838709677419354838709677,11.06516129032258064516129032258065
T118R11W4,2021-04,-3.327,61.41,11.36166666666666666666666666666667
T118R11W4,2021-05,6.338870967741935483870967741935484,57.01,11.78419354838709677419354838709677
T118R11W4,2021-06,16.68416666666666666666666666666667,61.91266666666666666666666666666667,10.82433333333333333333333333333333
T118R11W4,2021-07,,,
T118R11W4,2021-08,15.65758064516129032258064516129032,69.97354838709677419354838709677419,10.76161290322580645161290322580645
T118R11W4,2021-09,10.68666666666666666666666666666667,82.08666666666666666666666666666667,10.25
T118R11W4,2021-10,3.761612903225806451612903225806452,73.16580645161290322580645161290323,10.74548387096774193548387096774194
T118R11W4,2021-11,-7.701833333333333333333333333333333,82.96266666666666666666666666666667,9.569666666666666666666666666666667
T118R11W4,2021-12,-24.87629032258064516129032258064516,73.60612903225806451612903225806452,8.138709677419354838709677419354839
T118R11W4,2022-01,-23.25596774193548387096774193548387,74.39935483870967741935483870967742,9.119677419354838709677419354838710
T118R11W4,2022-02,-23.54089285714285714285714285714286,71.755,9.475714285714285714285714285714286
T118R11W4,2022-03,-11.90451612903225806451612903225806,67.78580645161290322580645161290323,10.36451612903225806451612903225806
T118R11W4,2022-04,-3.706,60.727,11.729
T118R11W4,2022-05,6.414193548387096774193548387096774,63.49741935483870967741935483870968,11.51580645161290322580645161290323
T118R11W4,2022-06,15.80116666666666666666666666666667,54.12033333333333333333333333333333,10.85333333333333333333333333333333
T118R11W4,2022-07,18.19467741935483870967741935483871,60.41741935483870967741935483870968,10.33645161290322580645161290322581
T118R11W4,2022-08,17.96774193548387096774193548387097,64.40258064516129032258064516129032,9.611612903225806451612903225806452
T118R11W4,2022-09,12.59666666666666666666666666666667,68.49333333333333333333333333333333,10.38633333333333333333333333333333
T118R11W4,2022-10,4.236129032258064516129032258064516,73.27290322580645161290322580645161,10.85
T118R11W4,2022-11,-10.51683333333333333333333333333333,80.26566666666666666666666666666667,10.57533333333333333333333333333333
T118R11W4,2022-12,-22.70967741935483870967741935483871,74.86,8.032580645161290322580645161290323
T118R11W4,2023-01,-14.40806451612903225806451612903226,83.29483870967741935483870967741935,
T118R11W4,2023-02,-21.25392857142857142857142857142857,73.44035714285714285714285714285714,9.251428571428571428571428571428571
T118R11W4,2023-03,-13.78564516129032258064516129032258,65.00838709677419354838709677419355,9.754838709677419354838709677419355
T118R11W4,2023-04,2.384666666666666666666666666666667,59.95833333333333333333333333333333,10.43533333333333333333333333333333
T118R11W4,2023-05,15.27548387096774193548387096774194,49.51709677419354838709677419354839,9.921290322580645161290322580645161
T118R11W4,2023-06,16.03283333333333333333333333333333,65.30166666666666666666666666666667,9.681666666666666666666666666666667
T118R11W4,2023-07,18.31677419354838709677419354838710,60.65806451612903225806451612903226,8.385806451612903225806451612903226
T118R11W4,2023-08,16.80290322580645161290322580645161,72.45354838709677419354838709677419,7.490645161290322580645161290322581
T118R11W4,2023-09,13.2725,71.65366666666666666666666666666667,8.07
T118R11W4,2023-10,2.966451612903225806451612903225806,78.00258064516129032258064516129032,9.593548387096774193548387096774194
T118R11W4,2023-11,-7.142166666666666666666666666666667,86.22633333333333333333333333333333,8.266666666666666666666666666666667
T118R11W4,2023-12,-8.887096774193548387096774193548387,79.52645161290322580645161290322581,8.407096774193548387096774193548387
T118R11W4,2024-01,-21.78048387096774193548387096774194,74.21741935483870967741935483870968,6.999354838709677419354838709677419
T118R11W4,2024-02,-14.15034482758620689655172413793103,71.30517241379310344827586206896552,8.723103448275862068965517241379310
T118R11W4,2024-03,-11.31161290322580645161290322580645,60.39032258064516129032258064516129,9.676451612903225806451612903225806
T118R11W4,2024-04,2.800833333333333333333333333333333,61.26,10.44933333333333333333333333333333
T118R11W4,2024-05,9.410322580645161290322580645161290,59.34774193548387096774193548387097,11.26741935483870967741935483870968
T118R11W4,2024-06,12.9055,61.12033333333333333333333333333333,10.31433333333333333333333333333333
T118R11W4,2024-07,19.67887096774193548387096774193548,66.93516129032258064516129032258065,9.423225806451612903225806451612903
T118R11W4,2024-08,16.77080645161290322580645161290323,65.93258064516129032258064516129032,10.38225806451612903225806451612903
T118R11W4,2024-09,11.47833333333333333333333333333333,76.03166666666666666666666666666667,9.049333333333333333333333333333333
T118R11W4,2024-10,1.564032258064516129032258064516129,76.88129032258064516129032258064516,10.85903225806451612903225806451613
T118R11W4,2024-11,-10.0665,85.453,9.015666666666666666666666666666667
T118R11W4,2024-12,-15.35403225806451612903225806451613,81.66870967741935483870967741935484,9.594516129032258064516129032258065
T118R13W5,2010-01,,,
T118R13W5,2010-02,,,
T118R13W5,2010-03,,,
T118R13W5,2010-04,,,
T118R13W5,2010-05,,,
T118R13W5,2010-06,12.47116666666666666666666666666667,,
T118R13W5,2010-07,14.58080645161290322580645161290323,,
T118R13W5,2010-08,,,
T118R13W5,2010-09,,,
T118R13W5,2010-10,,,
T118R13W5,2010-11,,,
T118R13W5,2010-12,,,
T118R13W5,2011-01,,,
T118R13W5,2011-02,,,
T118R13W5,2011-03,,,
T118R13W5,2011-04,,,
T118R13W5,2011-05,,,
T118R13W5,2011-06,12.255,,
T118R13W5,2011-07,15.00709677419354838709677419354839,,
T118R13W5,2011-08,,,
T118R13W5,2011-09,,,
T118R13W5,2011-10,,,
T118R13W5,2011-11,,,
T118R13W5,2011-12,,,
T118R13W5,2012-01,-17.14790322580645161290322580645161,81.99548387096774193548387096774194,7.248709677419354838709677419354839
T118R13W5,2012-02,-10.41913793103448275862068965517241,75.75931034482758620689655172413793,7.743793103448275862068965517241379
T118R13W5,2012-03,-8.755161290322580645161290322580645,71.82225806451612903225806451612903,7.958387096774193548387096774193548
T118R13W5,2012-04,0.4341666666666666666666666666666667,61.64666666666666666666666666666667,9.438666666666666666666666666666667
T118R13W5,2012-05,9.474193548387096774193548387096774,53.02612903225806451612903225806452,9.582580645161290322580645161290323
T118R13W5,2012-06,13.237,72.23066666666666666666666666666667,7.625333333333333333333333333333333
T118R13W5,2012-07,17.90129032258064516129032258064516,65.61419354838709677419354838709677,7.008064516129032258064516129032258
T118R13W5,2012-08,14.80548387096774193548387096774194,73.22451612903225806451612903225806,8.083548387096774193548387096774194
T118R13W5,2012-09,8.967166666666666666666666666666667,71.31533333333333333333333333333333,8.706
T118R13W5,2012-10,-3.579677419354838709677419354838710,88.29516129032258064516129032258065,7.379677419354838709677419354838710
T118R13W5,2012-11,-16.07016666666666666666666666666667,85.43466666666666666666666666666667,4.266333333333333333333333333333333
T118R13W5,2012-12,-21.48032258064516129032258064516129,80.09483870967741935483870967741935,3.547419354838709677419354838709677
T118R13W5,2013-01,-20.44903225806451612903225806451613,82.23741935483870967741935483870968,3.516451612903225806451612903225806
T118R13W5,2013-02,-12.06232142857142857142857142857143,84.90392857142857142857142857142857,5.95
T118R13W5,2013-03,-12.52451612903225806451612903225806,70.97838709677419354838709677419355,7.574193548387096774193548387096774
T118R13W5,2013-04,-3.356666666666666666666666666666667,60.21133333333333333333333333333333,8.098333333333333333333333333333333
T118R13W5,2013-05,9.503225806451612903225806451612903,53.57806451612903225806451612903226,8.872258064516129032258064516129032
T118R13W5,2013-06,14.55316666666666666666666666666667,71.21933333333333333333333333333333,7.732333333333333333333333333333333
T118R13W5,2013-07,14.12467741935483870967741935483871,69.42290322580645161290322580645161,8.243548387096774193548387096774194
T118R13W5,2013-08,14.81661290322580645161290322580645,79.47806451612903225806451612903226,6.967419354838709677419354838709677
T118R13W5,2013-09,11.07216666666666666666666666666667,76.371,8.669666666666666666666666666666667
T118R13W5,2013-10,2.424193548387096774193548387096774,84.11967741935483870967741935483871,8.204838709677419354838709677419355
T118R13W5,2013-11,-12.705,82.00066666666666666666666666666667,7.033333333333333333333333333333333
T118R13W5,2013-12,-24.65209677419354838709677419354839,73.05838709677419354838709677419355,6.003548387096774193548387096774194
T118R13W5,2014-01,,,
T118R13W5,2014-02,,,
T118R13W5,2014-03,-13.13951612903225806451612903225806,63.31,7.998387096774193548387096774193548
T118R13W5,2014-04,,,
T118R13W5,2014-05,,,
T118R13W5,2014-06,14.103,62.50033333333333333333333333333333,7.886
T118R13W5,2014-07,17.68677419354838709677419354838710,70.06967741935483870967741935483871,7.623548387096774193548387096774194
T118R13W5,2014-08,15.00274193548387096774193548387097,66.95612903225806451612903225806452,7.677741935483870967741935483870968
T118R13W5,2014-09,7.930,75.637,7.987666666666666666666666666666667
T118R13W5,2014-10,2.101451612903225806451612903225806,88.00258064516129032258064516129032,8.490645161290322580645161290322581
T118R13W5,2014-11,-13.97766666666666666666666666666667,81.637,6.541666666666666666666666666666667
T118R13W5,2014-12,-15.54290322580645161290322580645161,83.58161290322580645161290322580645,5.85
T118R13W5,2015-01,-17.02258064516129032258064516129032,80.34774193548387096774193548387097,7.078709677419354838709677419354839
T118R13W5,2015-02,-18.73660714285714285714285714285714,76.34607142857142857142857142857143,8.219285714285714285714285714285714
T118R13W5,2015-03,-6.874516129032258064516129032258065,68.14225806451612903225806451612903,8.234838709677419354838709677419355
T118R13W5,2015-04,3.235333333333333333333333333333333,48.22366666666666666666666666666667,10.18533333333333333333333333333333
T118R13W5,2015-05,10.30516129032258064516129032258065,42.76612903225806451612903225806452,8.306129032258064516129032258064516
T118R13W5,2015-06,14.41066666666666666666666666666667,59.63766666666666666666666666666667,8.368
T118R13W5,2015-07,14.68887096774193548387096774193548,71.03870967741935483870967741935484,7.762258064516129032258064516129032
T118R13W5,2015-08,13.48564516129032258064516129032258,72.38193548387096774193548387096774,8.364193548387096774193548387096774
T118R13W5,2015-09,7.923666666666666666666666666666667,71.93566666666666666666666666666667,8.691333333333333333333333333333333
T118R13W5,2015-10,2.283548387096774193548387096774194,81.83032258064516129032258064516129,8.343225806451612903225806451612903
T118R13W5,2015-11,-8.254,83.43666666666666666666666666666667,6.728333333333333333333333333333333
T118R13W5,2015-12,-15.17725806451612903225806451612903,83.81387096774193548387096774193548,5.038387096774193548387096774193548
T118R13W5,2016-01,-15.08677419354838709677419354838710,81.92548387096774193548387096774194,5.667741935483870967741935483870968
T118R13W5,2016-02,-13.18155172413793103448275862068966,79.33344827586206896551724137931034,6.775517241379310344827586206896552
T118R13W5,2016-03,-6.122096774193548387096774193548387,73.07064516129032258064516129032258,7.60
T118R13W5,2016-04,1.384666666666666666666666666666667,59.79666666666666666666666666666667,10.27
T118R13W5,2016-05,9.538870967741935483870967741935484,61.45677419354838709677419354838710,8.629677419354838709677419354838710
T118R13W5,2016-06,14.531,66.95733333333333333333333333333333,8.091333333333333333333333333333333
T118R13W5,2016-07,16.030,73.37967741935483870967741935483871,6.722903225806451612903225806451613
T118R13W5,2016-08,14.46241935483870967741935483870968,74.96161290322580645161290322580645,7.242903225806451612903225806451613
T118R13W5,2016-09,8.6225,77.10566666666666666666666666666667,8.608333333333333333333333333333333
T118R13W5,2016-10,-1.243709677419354838709677419354839,88.04096774193548387096774193548387,5.822258064516129032258064516129032
T118R13W5,2016-11,-5.014833333333333333333333333333333,81.70733333333333333333333333333333,6.758
T118R13W5,2016-12,-18.93419354838709677419354838709677,77.82612903225806451612903225806452,6.151935483870967741935483870967742
T118R13W5,2017-01,-14.12258064516129032258064516129032,79.69161290322580645161290322580645,6.961935483870967741935483870967742
T118R13W5,2017-02,-13.3725,74.85,6.428928571428571428571428571428571
T118R13W5,2017-03,-11.67225806451612903225806451612903,66.89645161290322580645161290322581,8.327741935483870967741935483870968
T118R13W5,2017-04,1.038833333333333333333333333333333,52.27033333333333333333333333333333,9.093333333333333333333333333333333
T118R13W5,2017-05,10.66903225806451612903225806451613,53.93129032258064516129032258064516,9.269354838709677419354838709677419
T118R13W5,2017-06,12.81916666666666666666666666666667,64.631,8.045333333333333333333333333333333
T118R13W5,2017-07,15.45096774193548387096774193548387,68.12677419354838709677419354838710,7.34
T118R13W5,2017-08,15.05370967741935483870967741935484,63.85580645161290322580645161290323,7.986774193548387096774193548387097
T118R13W5,2017-09,10.58733333333333333333333333333333,68.60066666666666666666666666666667,8.065333333333333333333333333333333
T118R13W5,2017-10,0.9351612903225806451612903225806452,81.24161290322580645161290322580645,8.316451612903225806451612903225806
T118R13W5,2017-11,-15.18933333333333333333333333333333,81.11266666666666666666666666666667,6.795333333333333333333333333333333
T118R13W5,2017-12,,,
T118R13W5,2018-01,-18.185,77.21064516129032258064516129032258,6.346774193548387096774193548387097
T118R13W5,2018-02,-17.95964285714285714285714285714286,70.90071428571428571428571428571429,8.313571428571428571428571428571429
T118R13W5,2018-03,-9.658709677419354838709677419354839,63.98225806451612903225806451612903,8.079354838709677419354838709677419
T118R13W5,2018-04,-2.218166666666666666666666666666667,56.21166666666666666666666666666667,9.001666666666666666666666666666667
T118R13W5,2018-05,11.335,49.55516129032258064516129032258065,9.162258064516129032258064516129032
T118R13W5,2018-06,13.01666666666666666666666666666667,70.59766666666666666666666666666667,7.986333333333333333333333333333333
T118R13W5,2018-07,15.05145161290322580645161290322581,68.41354838709677419354838709677419,7.923225806451612903225806451612903
T118R13W5,2018-08,13.24580645161290322580645161290323,69.16903225806451612903225806451613,7.300645161290322580645161290322581
T118R13W5,2018-09,2.397833333333333333333333333333333,68.17533333333333333333333333333333,7.623
T118R13W5,2018-10,-0.255,70.90935483870967741935483870967742,7.641612903225806451612903225806452
T118R13W5,2018-11,-10.46616666666666666666666666666667,84.91833333333333333333333333333333,5.684666666666666666666666666666667
T118R13W5,2018-12,-14.18870967741935483870967741935484,81.95548387096774193548387096774194,6.011612903225806451612903225806452
T118R13W5,2019-01,-17.75887096774193548387096774193548,77.52451612903225806451612903225806,7.637096774193548387096774193548387
T118R13W5,2019-02,-22.46071428571428571428571428571429,69.30857142857142857142857142857143,6.49
T118R13W5,2019-03,-3.551774193548387096774193548387097,61.00032258064516129032258064516129,8.171612903225806451612903225806452
T118R13W5,2019-04,1.499166666666666666666666666666667,58.46466666666666666666666666666667,8.631666666666666666666666666666667
T118R13W5,2019-05,8.336129032258064516129032258064516,47.47677419354838709677419354838710,9.067419354838709677419354838709677
T118R13W5,2019-06,12.04333333333333333333333333333333,67.58866666666666666666666666666667,8.011666666666666666666666666666667
T118R13W5,2019-07,14.31258064516129032258064516129032,66.96516129032258064516129032258065,7.094838709677419354838709677419355
T118R13W5,2019-08,12.70241935483870967741935483870968,74.06322580645161290322580645161290,
T118R13W5,2019-09,8.747833333333333333333333333333333,77.29433333333333333333333333333333,
T118R13W5,2019-10,,,
T118R13W5,2019-11,,,
T118R13W5,2019-12,,,
T118R13W5,2020-01,,,
T118R13W5,2020-02,,,
T118R13W5,2020-03,-12.77016129032258064516129032258065,63.85709677419354838709677419354839,9.482258064516129032258064516129032
T118R13W5,2020-04,,,
T118R13W5,2020-05,7.848225806451612903225806451612903,59.20806451612903225806451612903226,
T118R13W5,2020-06,,,
T118R13W5,2020-07,16.27354838709677419354838709677419,75.59709677419354838709677419354839,
T118R13W5,2020-08,,,
T118R13W5,2020-09,9.021,77.52466666666666666666666666666667,
T118R13W5,2020-10,-1.850967741935483870967741935483871,79.48709677419354838709677419354839,
T118R13W5,2020-11,-13.29683333333333333333333333333333,83.62933333333333333333333333333333,
T118R13W5,2020-12,,,
T118R13W5,2021-01,,,
T118R13W5,2021-02,-22.62821428571428571428571428571429,70.11642857142857142857142857142857,
T118R13W5,2021-03,-10.06403225806451612903225806451613,69.53548387096774193548387096774194,8.903225806451612903225806451612903
T118R13W5,2021-04,-1.748333333333333333333333333333333,60.23266666666666666666666666666667,
T118R13W5,2021-05,8.564193548387096774193548387096774,56.39838709677419354838709677419355,
T118R13W5,2021-06,16.204,62.166,
T118R13W5,2021-07,16.75854838709677419354838709677419,72.38354838709677419354838709677419,
T118R13W5,2021-08,14.51822580645161290322580645161290,72.12161290322580645161290322580645,
T118R13W5,2021-09,9.859833333333333333333333333333333,79.084,
T118R13W5,2021-10,2.458387096774193548387096774193548,76.29354838709677419354838709677419,
T118R13W5,2021-11,,,
T118R13W5,2021-12,,,
T118R13W5,2022-01,,,
T118R13W5,2022-02,,,
T118R13W5,2022-03,-8.788870967741935483870967741935484,68.47483870967741935483870967741935,
T118R13W5,2022-04,-2.0565,59.594,
T118R13W5,2022-05,7.673709677419354838709677419354839,62.44774193548387096774193548387097,
T118R13W5,2022-06,16.00833333333333333333333333333333,62.837,
T118R13W5,2022-07,17.29145161290322580645161290322581,69.84645161290322580645161290322581,
T118R13W5,2022-08,17.45370967741935483870967741935484,67.26967741935483870967741935483871,
T118R13W5,2022-09,11.756,68.715,
T118R13W5,2022-10,4.336129032258064516129032258064516,72.15,
T118R13W5,2022-11,,,
T118R13W5,2022-12,,,
T118R13W5,2023-01,,,
T118R13W5,2023-02,-18.20107142857142857142857142857143,75.00535714285714285714285714285714,
T118R13W5,2023-03,,,
T118R13W5,2023-04,,,
T118R13W5,2023-05,,,
T118R13W5,2023-06,,,
T118R13W5,2023-07,,,
T118R13W5,2023-08,,,
T118R13W5,2023-09,,,
T118R13W5,2023-10,,,
T118R13W5,2023-11,,,
T118R13W5,2023-12,,,
T118R13W5,2024-01,,,
T118R13W5,2024-02,,,
T118R13W5,2024-03,,,
T118R13W5,2024-04,2.001333333333333333333333333333333,57.00133333333333333333333333333333,12.019
T118R13W5,2024-05,8.290161290322580645161290322580645,59.14161290322580645161290322580645,12.68774193548387096774193548387097
T118R13W5,2024-06,11.477,63.23733333333333333333333333333333,10.86933333333333333333333333333333
T118R13W5,2024-07,18.48241935483870967741935483870968,62.32516129032258064516129032258065,8.857741935483870967741935483870968
T118R13W5,2024-08,14.80161290322580645161290322580645,71.54161290322580645161290322580645,8.999354838709677419354838709677419
T118R13W5,2024-09,10.14966666666666666666666666666667,73.186,8.76
T118R13W5,2024-10,-0.005483870967741935483870967741935484,78.50741935483870967741935483870968,8.621290322580645161290322580645161
T118R13W5,2024-11,-11.90633333333333333333333333333333,85.40566666666666666666666666666667,
T118R13W5,2024-12,-14.84258064516129032258064516129032,83.39322580645161290322580645161290,
T118R15W4,2010-01,,,
T118R15W4,2010-02,,,
T118R15W4,2010-03,,,
T118R15W4,2010-04,,,
T118R15W4,2010-05,,,
T118R15W4,2010-06,,,
T118R15W4,2010-07,,,
T118R15W4,2010-08,,,
T118R15W4,2010-09,,,
T118R15W4,2010-10,,,
T118R15W4,2010-11,,,
T118R15W4,2010-12,,,
T118R15W4,2011-01,,,
T118R15W4,2011-02,,,
T118R15W4,2011-03,,,
T118R15W4,2011-04,,,
T118R15W4,2011-05,,,
T118R15W4,2011-06,,,
T118R15W4,2011-07,,,
T118R15W4,2011-08,,,
T118R15W4,2011-09,,,
T118R15W4,2011-10,,,
T118R15W4,2011-11,,,
T118R15W4,2011-12,,,
T118R15W4,2012-01,,,
T118R15W4,2012-02,,,
T118R15W4,2012-03,,,
T118R15W4,2012-04,,,
T118R15W4,2012-05,,,
T118R15W4,2012-06,,,
T118R15W4,2012-07,,,
T118R15W4,2012-08,,,
T118R15W4,2012-09,,,
T118R15W4,2012-10,,,
T118R15W4,2012-11,,,
T118R15W4,2012-12,,,
T118R15W4,2013-01,,,
T118R15W4,2013-02,,,
T118R15W4,2013-03,,,
T118R15W4,2013-04,,,
T118R15W4,2013-05,,,
T118R15W4,2013-06,,,
T118R15W4,2013-07,,,
T118R15W4,2013-08,,,
T118R15W4,2013-09,,,
T118R15W4,2013-10,,,
T118R15W4,2013-11,,,
T118R15W4,2013-12,,,
T118R15W4,2014-01,,,
T118R15W4,2014-02,,,
T118R15W4,2014-03,,,
T118R15W4,2014-04,,,
T118R15W4,2014-05,,,
T118R15W4,2014-06,,,
T118R15W4,2014-07,,,
T118R15W4,2014-08,,,
T118R15W4,2014-09,,,
T118R15W4,2014-10,,,
T118R15W4,2014-11,,,
T118R15W4,2014-12,,,
T118R15W4,2015-01,,,
T118R15W4,2015-02,,,
T118R15W4,2015-03,,,
T118R15W4,2015-04,,,
T118R15W4,2015-05,,,
T118R15W4,2015-06,,,
T118R15W4,2015-07,,,
T118R15W4,2015-08,,,
T118R15W4,2015-09,,,
T118R15W4,2015-10,,,
T118R15W4,2015-11,,,
T118R15W4,2015-12,,,
T118R15W4,2016-01,,,
T118R15W4,2016-02,,,
T118R15W4,2016-03,,,
T118R15W4,2016-04,,,
T118R15W4,2016-05,,,
T118R15W4,2016-06,,,
T118R15W4,2016-07,,,
T118R15W4,2016-08,,,
T118R15W4,2016-09,,,
T118R15W4,2016-10,,,
T118R15W4,2016-11,,,
T118R15W4,2016-12,,,
T118R15W4,2017-01,,,
T118R15W4,2017-02,,,
T118R15W4,2017-03,,,
T118R15W4,2017-04,,,
T118R15W4,2017-05,,,
T118R15W4,2017-06,,,
T118R15W4,2017-07,,,
T118R15W4,2017-08,,,
T118R15W4,2017-09,,,
T118R15W4,2017-10,,,
T118R15W4,2017-11,,,
T118R15W4,2017-12,,,
T118R15W4,2018-01,,,
T118R15W4,2018-02,,,
T118R15W4,2018-03,,,
T118R15W4,2018-04,,,
T118R15W4,2018-05,,,
T118R15W4,2018-06,,,
T118R15W4,2018-07,,,
T118R15W4,2018-08,,,
T118R15W4,2018-09,,,
T118R15W4,2018-10,,,
T118R15W4,2018-11,,,
T118R15W4,2018-12,,,
T118R15W4,2019-01,,,
T118R15W4,2019-02,,,
T118R15W4,2019-03,,,
T118R15W4,2019-04,,,
T118R15W4,2019-05,,,
T118R15W4,2019-06,,,
T118R15W4,2019-07,,,
T118R15W4,2019-08,,,
T118R15W4,2019-09,,,
T118R15W4,2019-10,,,
T118R15W4,2019-11,,,
T118R15W4,2019-12,,,
T118R15W4,2020-01,,,
T118R15W4,2020-02,,,
T118R15W4,2020-03,,,
T118R15W4,2020-04,,,
T118R15W4,2020-05,,,
T118R15W4,2020-06,,,
T118R15W4,2020-07,,,
T118R15W4,2020-08,,,
T118R15W4,2020-09,,,
T118R15W4,2020-10,,,
T118R15W4,2020-11,,,
T118R15W4,2020-12,,,
T118R15W4,2021-01,,,
T118R15W4,2021-02,,,
T118R15W4,2021-03,,,
T118R15W4,2021-04,,,
T118R15W4,2021-05,,,
T118R15W4,2021-06,,,
T118R15W4,2021-07,,,
T118R15W4,2021-08,,,
T118R15W4,2021-09,,,
T118R15W4,2021-10,,,
T118R15W4,2021-11,,,
T118R15W4,2021-12,,,
T118R15W4,2022-01,,,
T118R15W4,2022-02,,,
T118R15W4,2022-03,,,
T118R15W4,2022-04,,,
T118R15W4,2022-05,,,
T118R15W4,2022-06,,,
T118R15W4,2022-07,,,
T118R15W4,2022-08,,,
T118R15W4,2022-09,,,
T118R15W4,2022-10,,,
T118R15W4,2022-11,,,
T118R15W4,2022-12,,,
T118R15W4,2023-01,,,
T118R15W4,2023-02,,,
T118R15W4,2023-03,,,
T118R15W4,2023-04,,,
T118R15W4,2023-05,15.12725806451612903225806451612903,50.39806451612903225806451612903226,9.039354838709677419354838709677419
T118R15W4,2023-06,15.94666666666666666666666666666667,65.61666666666666666666666666666667,8.851333333333333333333333333333333
T118R15W4,2023-07,18.00661290322580645161290322580645,61.77290322580645161290322580645161,7.652580645161290322580645161290323
T118R15W4,2023-08,16.62112903225806451612903225806452,73.06516129032258064516129032258065,6.559032258064516129032258064516129
T118R15W4,2023-09,13.00983333333333333333333333333333,72.288,7.028333333333333333333333333333333
T118R15W4,2023-10,2.943387096774193548387096774193548,77.79677419354838709677419354838710,8.410645161290322580645161290322581
T118R15W4,2023-11,-7.205333333333333333333333333333333,86.06333333333333333333333333333333,7.317
T118R15W4,2023-12,-9.145161290322580645161290322580645,79.56870967741935483870967741935484,7.431935483870967741935483870967742
T118R15W4,2024-01,,,
T118R15W4,2024-02,,,
T118R15W4,2024-03,-11.18193548387096774193548387096774,60.21741935483870967741935483870968,8.894838709677419354838709677419355
T118R15W4,2024-04,,,
T118R15W4,2024-05,9.527258064516129032258064516129032,58.93032258064516129032258064516129,10.32225806451612903225806451612903
T118R15W4,2024-06,,,
T118R15W4,2024-07,,,
T118R21W5,2010-01,,,
T118R21W5,2010-02,,,
T118R21W5,2010-03,,,
T118R21W5,2010-04,,,
T118R21W5,2010-05,,,
T118R21W5,2010-06,13.70366666666666666666666666666667,,
T118R21W5,2010-07,16.13016129032258064516129032258065,,
T118R21W5,2010-08,,,
T118R21W5,2010-09,,,
T118R21W5,2010-10,,,
T118R21W5,2010-11,,,
T118R21W5,2010-12,,,
T118R21W5,2011-01,,,
T118R21W5,2011-02,,,
T118R21W5,2011-03,,,
T118R21W5,2011-04,,,
T118R21W5,2011-05,,,
T118R21W5,2011-06,12.26566666666666666666666666666667,,
T118R21W5,2011-07,15.01774193548387096774193548387097,,
T118R21W5,2011-08,,,
T118R21W5,2011-09,,,
T118R21W5,2011-10,,,
T118R21W5,2011-11,,,
T118R21W5,2011-12,,,
T118R21W5,2012-01,-17.79677419354838709677419354838710,78.60612903225806451612903225806452,5.972580645161290322580645161290323
T118R21W5,2012-02,-10.40672413793103448275862068965517,74.51068965517241379310344827586207,6.475172413793103448275862068965517
T118R21W5,2012-03,-8.536935483870967741935483870967742,68.25903225806451612903225806451613,6.435483870967741935483870967741935
T118R21W5,2012-04,0.7706666666666666666666666666666667,60.49633333333333333333333333333333,7.491666666666666666666666666666667
T118R21W5,2012-05,9.994516129032258064516129032258065,53.28677419354838709677419354838710,8.163548387096774193548387096774194
T118R21W5,2012-06,13.86383333333333333333333333333333,72.92866666666666666666666666666667,5.693333333333333333333333333333333
T118R21W5,2012-07,17.85080645161290322580645161290323,67.98161290322580645161290322580645,5.495483870967741935483870967741935
T118R21W5,2012-08,15.34838709677419354838709677419355,74.61387096774193548387096774193548,6.280322580645161290322580645161290
T118R21W5,2012-09,11.28783333333333333333333333333333,72.467,6.606666666666666666666666666666667
T118R21W5,2012-10,-2.953548387096774193548387096774194,87.51709677419354838709677419354839,6.232258064516129032258064516129032
T118R21W5,2012-11,-16.51533333333333333333333333333333,81.24133333333333333333333333333333,4.874666666666666666666666666666667
T118R21W5,2012-12,-23.18596774193548387096774193548387,73.99967741935483870967741935483871,4.223548387096774193548387096774194
T118R21W5,2013-01,-20.96274193548387096774193548387097,76.88548387096774193548387096774194,3.906451612903225806451612903225806
T118R21W5,2013-02,-11.92160714285714285714285714285714,82.295,5.562142857142857142857142857142857
T118R21W5,2013-03,-12.26870967741935483870967741935484,66.59032258064516129032258064516129,6.011290322580645161290322580645161
T118R21W5,2013-04,-3.587833333333333333333333333333333,59.949,8.034
T118R21W5,2013-05,10.41661290322580645161290322580645,54.43258064516129032258064516129032,7.848064516129032258064516129032258
T118R21W5,2013-06,15.31216666666666666666666666666667,72.467,6.352333333333333333333333333333333
T118R21W5,2013-07,14.75677419354838709677419354838710,71.80516129032258064516129032258065,6.487419354838709677419354838709677
T118R21W5,2013-08,14.93838709677419354838709677419355,82.80354838709677419354838709677419,5.442258064516129032258064516129032
T118R21W5,2013-09,11.2265,79.06433333333333333333333333333333,7.024333333333333333333333333333333
T118R21W5,2013-10,2.606129032258064516129032258064516,85.76741935483870967741935483870968,6.55
T118R21W5,2013-11,-13.02083333333333333333333333333333,81.424,5.887666666666666666666666666666667
T118R21W5,2013-12,-25.71887096774193548387096774193548,70.40838709677419354838709677419355,5.252903225806451612903225806451613
T118R21W5,2014-01,,,
T118R21W5,2014-02,,,
T118R21W5,2014-03,-13.39838709677419354838709677419355,62.27064516129032258064516129032258,6.157096774193548387096774193548387
T118R21W5,2014-04,,,
T118R21W5,2014-05,,,
T118R21W5,2014-06,14.4135,63.95166666666666666666666666666667,6.341666666666666666666666666666667
T118R21W5,2014-07,18.35629032258064516129032258064516,70.92451612903225806451612903225806,6.129677419354838709677419354838710
T118R21W5,2014-08,15.365,68.00064516129032258064516129032258,6.287419354838709677419354838709677
T118R21W5,2014-09,8.250666666666666666666666666666667,75.911,6.031333333333333333333333333333333
T118R21W5,2014-10,1.879354838709677419354838709677419,88.48774193548387096774193548387097,6.659032258064516129032258064516129
T118R21W5,2014-11,-14.51616666666666666666666666666667,80.56666666666666666666666666666667,5.537666666666666666666666666666667
T118R21W5,2014-12,-15.95096774193548387096774193548387,82.02935483870967741935483870967742,4.855806451612903225806451612903226
T118R21W5,2015-01,-17.74596774193548387096774193548387,78.60451612903225806451612903225806,5.19
T118R21W5,2015-02,-18.75125,74.26678571428571428571428571428571,6.018928571428571428571428571428571
T118R21W5,2015-03,-6.903064516129032258064516129032258,67.33645161290322580645161290322581,6.582903225806451612903225806451613
T118R21W5,2015-04,3.536,47.83133333333333333333333333333333,8.444666666666666666666666666666667
T118R21W5,2015-05,10.05177419354838709677419354838710,43.58677419354838709677419354838710,6.904838709677419354838709677419355
T118R21W5,2015-06,14.99983333333333333333333333333333,61.948,6.415
T118R21W5,2015-07,15.55112903225806451612903225806452,71.89806451612903225806451612903226,5.922903225806451612903225806451613
T118R21W5,2015-08,14.08064516129032258064516129032258,74.02677419354838709677419354838710,6.432258064516129032258064516129032
T118R21W5,2015-09,8.481666666666666666666666666666667,70.765,6.98
T118R21W5,2015-10,2.456290322580645161290322580645161,80.55548387096774193548387096774194,6.467096774193548387096774193548387
T118R21W5,2015-11,-8.634,82.08966666666666666666666666666667,6.115666666666666666666666666666667
T118R21W5,2015-12,-16.08983870967741935483870967741935,80.70516129032258064516129032258065,4.073870967741935483870967741935484
T118R21W5,2016-01,-15.92645161290322580645161290322581,79.24741935483870967741935483870968,4.384516129032258064516129032258065
T118R21W5,2016-02,-13.45637931034482758620689655172414,77.09689655172413793103448275862069,5.733103448275862068965517241379310
T118R21W5,2016-03,-6.035483870967741935483870967741935,71.48354838709677419354838709677419,6.120967741935483870967741935483871
T118R21W5,2016-04,1.661,58.56233333333333333333333333333333,8.019666666666666666666666666666667
T118R21W5,2016-05,9.687903225806451612903225806451613,61.20032258064516129032258064516129,7.262903225806451612903225806451613
T118R21W5,2016-06,15.40716666666666666666666666666667,66.222,6.421
T118R21W5,2016-07,16.940,72.84419354838709677419354838709677,5.308064516129032258064516129032258
T118R21W5,2016-08,14.97935483870967741935483870967742,75.93903225806451612903225806451613,5.364838709677419354838709677419355
T118R21W5,2016-09,8.914666666666666666666666666666667,76.20766666666666666666666666666667,6.767
T118R21W5,2016-10,-1.181290322580645161290322580645161,86.62096774193548387096774193548387,4.696451612903225806451612903225806
T118R21W5,2016-11,-5.251833333333333333333333333333333,79.04033333333333333333333333333333,5.892666666666666666666666666666667
T118R21W5,2016-12,-18.94967741935483870967741935483871,75.01258064516129032258064516129032,5.491935483870967741935483870967742
T118R21W5,2017-01,-14.16016129032258064516129032258065,77.54419354838709677419354838709677,5.785161290322580645161290322580645
T118R21W5,2017-02,-13.14642857142857142857142857142857,71.55535714285714285714285714285714,5.395
T118R21W5,2017-03,-11.84451612903225806451612903225806,62.92806451612903225806451612903226,6.792903225806451612903225806451613
T118R21W5,2017-04,1.179666666666666666666666666666667,50.24933333333333333333333333333333,7.616333333333333333333333333333333
T118R21W5,2017-05,10.99838709677419354838709677419355,53.60645161290322580645161290322581,7.073548387096774193548387096774194
T118R21W5,2017-06,13.58766666666666666666666666666667,65.34333333333333333333333333333333,6.448
T118R21W5,2017-07,16.39709677419354838709677419354839,68.10709677419354838709677419354839,6.058709677419354838709677419354839
T118R21W5,2017-08,15.96209677419354838709677419354839,63.30612903225806451612903225806452,6.612903225806451612903225806451613
T118R21W5,2017-09,10.8905,67.79333333333333333333333333333333,6.427
T118R21W5,2017-10,1.309677419354838709677419354838710,79.24612903225806451612903225806452,6.444838709677419354838709677419355
T118R21W5,2017-11,-15.40983333333333333333333333333333,77.48066666666666666666666666666667,5.308
T118R21W5,2017-12,,,
T118R21W5,2018-01,-18.79725806451612903225806451612903,74.20774193548387096774193548387097,5.100322580645161290322580645161290
T118R21W5,2018-02,-17.82125,67.8275,6.068928571428571428571428571428571
T118R21W5,2018-03,-9.476935483870967741935483870967742,61.50967741935483870967741935483871,6.194838709677419354838709677419355
T118R21W5,2018-04,-1.878666666666666666666666666666667,54.208,7.469666666666666666666666666666667
T118R21W5,2018-05,11.93193548387096774193548387096774,49.92258064516129032258064516129032,7.538709677419354838709677419354839
T118R21W5,2018-06,14.1035,70.43933333333333333333333333333333,6.066333333333333333333333333333333
T118R21W5,2018-07,16.14306451612903225806451612903226,68.46129032258064516129032258064516,6.359677419354838709677419354838710
T118R21W5,2018-08,14.16419354838709677419354838709677,70.19225806451612903225806451612903,5.767419354838709677419354838709677
T118R21W5,2018-09,2.7795,67.086,5.798333333333333333333333333333333
T118R21W5,2018-10,0.04209677419354838709677419354838710,69.44838709677419354838709677419355,6.143225806451612903225806451612903
T118R21W5,2018-11,-10.57433333333333333333333333333333,82.89433333333333333333333333333333,5.015666666666666666666666666666667
T118R21W5,2018-12,-14.64112903225806451612903225806452,79.57419354838709677419354838709677,4.457741935483870967741935483870968
T118R21W5,2019-01,-18.53532258064516129032258064516129,74.31967741935483870967741935483871,5.600645161290322580645161290322581
T118R21W5,2019-02,-22.24178571428571428571428571428571,65.22214285714285714285714285714286,5.575357142857142857142857142857143
T118R21W5,2019-03,-3.105483870967741935483870967741935,59.85870967741935483870967741935484,6.390322580645161290322580645161290
T118R21W5,2019-04,1.6285,57.69133333333333333333333333333333,6.907333333333333333333333333333333
T118R21W5,2019-05,8.907419354838709677419354838709677,47.71,7.590322580645161290322580645161290
T118R21W5,2019-06,12.59933333333333333333333333333333,68.25866666666666666666666666666667,6.461333333333333333333333333333333
T118R21W5,2019-07,15.29080645161290322580645161290323,66.83774193548387096774193548387097,5.80
T118R21W5,2019-08,12.72048387096774193548387096774194,73.55064516129032258064516129032258,
T118R21W5,2019-09,8.921666666666666666666666666666667,76.86666666666666666666666666666667,
T118R21W5,2019-10,,,
T118R21W5,2019-11,,,
T118R21W5,2019-12,,,
T118R21W5,2020-01,,,
T118R21W5,2020-02,,,
T118R21W5,2020-03,-12.27274193548387096774193548387097,59.49967741935483870967741935483871,8.129032258064516129032258064516129
T118R21W5,2020-04,,,
T118R21W5,2020-05,8.004838709677419354838709677419355,59.07290322580645161290322580645161,
T118R21W5,2020-06,,,
T118R21W5,2020-07,16.52564516129032258064516129032258,75.35258064516129032258064516129032,
T118R21W5,2020-08,,,
T118R21W5,2020-09,9.362,77.82133333333333333333333333333333,
T118R21W5,2020-10,-1.646935483870967741935483870967742,79.38064516129032258064516129032258,6.877419354838709677419354838709677
T118R21W5,2020-11,-13.26533333333333333333333333333333,83.02466666666666666666666666666667,7.364333333333333333333333333333333
T118R21W5,2020-12,-14.14870967741935483870967741935484,80.17225806451612903225806451612903,6.939354838709677419354838709677419
T118R21W5,2021-01,-14.75612903225806451612903225806452,80.13451612903225806451612903225806,6.717741935483870967741935483870968
T118R21W5,2021-02,-22.48875,69.32964285714285714285714285714286,7.420714285714285714285714285714286
T118R21W5,2021-03,-10.09758064516129032258064516129032,69.11774193548387096774193548387097,7.909354838709677419354838709677419
T118R21W5,2021-04,-1.5895,58.897,8.776
T118R21W5,2021-05,8.497258064516129032258064516129032,56.48935483870967741935483870967742,8.235161290322580645161290322580645
T118R21W5,2021-06,16.19833333333333333333333333333333,61.58266666666666666666666666666667,8.097333333333333333333333333333333
T118R21W5,2021-07,16.93983870967741935483870967741935,72.37774193548387096774193548387097,7.853225806451612903225806451612903
T118R21W5,2021-08,14.70612903225806451612903225806452,72.41516129032258064516129032258065,8.569677419354838709677419354838710
T118R21W5,2021-09,10.10133333333333333333333333333333,78.75033333333333333333333333333333,8.908666666666666666666666666666667
T118R21W5,2021-10,2.605806451612903225806451612903226,76.29032258064516129032258064516129,8.806129032258064516129032258064516
T118R21W5,2021-11,-8.599666666666666666666666666666667,83.98733333333333333333333333333333,
T118R21W5,2021-12,,,
T118R21W5,2022-01,,,
T118R21W5,2022-02,-19.38553571428571428571428571428571,73.20571428571428571428571428571429,
T118R21W5,2022-03,-9.006129032258064516129032258064516,68.43064516129032258064516129032258,9.225806451612903225806451612903226
T118R21W5,2022-04,-2.491166666666666666666666666666667,58.84666666666666666666666666666667,10.57866666666666666666666666666667
T118R21W5,2022-05,7.027580645161290322580645161290323,63.02193548387096774193548387096774,10.64580645161290322580645161290323
T118R21W5,2022-06,15.62416666666666666666666666666667,62.09333333333333333333333333333333,7.632333333333333333333333333333333
T118R21W5,2022-07,16.86870967741935483870967741935484,69.16935483870967741935483870967742,7.731935483870967741935483870967742
T118R21W5,2022-08,17.18354838709677419354838709677419,65.76580645161290322580645161290323,8.107096774193548387096774193548387
T118R21W5,2022-09,11.6745,67.01533333333333333333333333333333,8.435
T118R21W5,2022-10,3.952258064516129032258064516129032,72.24806451612903225806451612903226,8.907741935483870967741935483870968
T118R21W5,2022-11,-11.63233333333333333333333333333333,77.63933333333333333333333333333333,10.23433333333333333333333333333333
T118R21W5,2022-12,-23.33258064516129032258064516129032,74.31612903225806451612903225806452,
T118R21W5,2023-01,-11.85580645161290322580645161290323,85.20258064516129032258064516129032,
T118R21W5,2023-02,-18.20785714285714285714285714285714,73.47821428571428571428571428571429,8.491785714285714285714285714285714
T118R21W5,2023-03,-12.03241935483870967741935483870968,69.73935483870967741935483870967742,8.495806451612903225806451612903226
T118R21W5,2023-04,2.327333333333333333333333333333333,62.63633333333333333333333333333333,9.982666666666666666666666666666667
T118R21W5,2023-05,13.64451612903225806451612903225806,50.86903225806451612903225806451613,9.438387096774193548387096774193548
T118R21W5,2023-06,14.63733333333333333333333333333333,61.21866666666666666666666666666667,8.764666666666666666666666666666667
T118R21W5,2023-07,17.11870967741935483870967741935484,65.46677419354838709677419354838710,6.785806451612903225806451612903226
T118R21W5,2023-08,15.94532258064516129032258064516129,69.82516129032258064516129032258065,7.153225806451612903225806451612903
T118R21W5,2023-09,10.73733333333333333333333333333333,71.60333333333333333333333333333333,7.615
T118R21W5,2023-10,2.674032258064516129032258064516129,73.68774193548387096774193548387097,9.173870967741935483870967741935484
T118R21W5,2023-11,-6.829,86.74066666666666666666666666666667,7.470666666666666666666666666666667
T118R21W5,2023-12,-10.03645161290322580645161290322581,78.12774193548387096774193548387097,8.091612903225806451612903225806452
T118R21W5,2024-01,-21.18112903225806451612903225806452,77.60580645161290322580645161290323,7.435161290322580645161290322580645
T118R21W5,2024-02,-12.49931034482758620689655172413793,72.63172413793103448275862068965517,8.404482758620689655172413793103448
T118R21W5,2024-03,-9.779354838709677419354838709677419,65.56709677419354838709677419354839,8.747096774193548387096774193548387
T118R21W5,2024-04,2.833833333333333333333333333333333,55.14,9.31
T118R21W5,2024-05,9.475645161290322580645161290322581,54.90290322580645161290322580645161,9.188064516129032258064516129032258
T118R21W5,2024-06,12.80233333333333333333333333333333,61.26366666666666666666666666666667,7.874
T118R21W5,2024-07,19.17306451612903225806451612903226,61.86387096774193548387096774193548,5.757419354838709677419354838709677
T118R21W5,2024-08,15.68032258064516129032258064516129,70.04806451612903225806451612903226,5.839032258064516129032258064516129
T118R21W5,2024-09,10.6635,73.41566666666666666666666666666667,5.218666666666666666666666666666667
T118R21W5,2024-10,0.3745161290322580645161290322580645,77.24096774193548387096774193548387,5.855161290322580645161290322580645
T118R21W5,2024-11,-12.35033333333333333333333333333333,83.663,5.162
T118R21W5,2024-12,-15.43774193548387096774193548387097,82.82580645161290322580645161290323,5.718709677419354838709677419354839
T118R22W4,2010-01,-19.53677419354838709677419354838710,80.99645161290322580645161290322581,
T118R22W4,2010-02,-12.18678571428571428571428571428571,81.63642857142857142857142857142857,
T118R22W4,2010-03,,65.01322580645161290322580645161290,
T118R22W4,2010-04,4.720833333333333333333333333333333,62.951,
T118R22W4,2010-05,7.460645161290322580645161290322581,62.03129032258064516129032258064516,
T118R22W4,2010-06,14.00233333333333333333333333333333,65.29866666666666666666666666666667,
T118R22W4,2010-07,16.11951612903225806451612903225806,71.93741935483870967741935483870968,
T118R22W4,2010-08,13.90322580645161290322580645161290,75.92645161290322580645161290322581,
T118R22W4,2010-09,,79.21566666666666666666666666666667,
T118R22W4,2010-10,3.432903225806451612903225806451613,75.25354838709677419354838709677419,
T118R22W4,2010-11,-9.397333333333333333333333333333333,82.52666666666666666666666666666667,
T118R22W4,2010-12,-19.74225806451612903225806451612903,83.91516129032258064516129032258065,
T118R22W4,2011-01,-23.11096774193548387096774193548387,80.73451612903225806451612903225806,
T118R22W4,2011-02,-18.12910714285714285714285714285714,75.52964285714285714285714285714286,
T118R22W4,2011-03,-11.84516129032258064516129032258065,65.61290322580645161290322580645161,
T118R22W4,2011-04,,,
T118R22W4,2011-05,,,
T118R22W4,2011-06,13.548,60.981,
T118R22W4,2011-07,16.71306451612903225806451612903226,72.37064516129032258064516129032258,
T118R22W4,2011-08,14.68774193548387096774193548387097,74.54483870967741935483870967741935,
T118R22W4,2011-09,11.4045,70.58533333333333333333333333333333,
T118R22W4,2011-10,3.280806451612903225806451612903226,82.94161290322580645161290322580645,
T118R22W4,2011-11,-12.18116666666666666666666666666667,85.63066666666666666666666666666667,
T118R22W4,2011-12,-13.02274193548387096774193548387097,85.50774193548387096774193548387097,
T118R22W4,2012-01,,,
T118R22W4,2012-02,-11.03310344827586206896551724137931,,7.443448275862068965517241379310345
T118R22W4,2012-03,-8.726774193548387096774193548387097,,8.131935483870967741935483870967742
T118R22W4,2012-04,,,
T118R22W4,2012-05,9.763709677419354838709677419354839,,9.38
T118R22W4,2012-06,13.73466666666666666666666666666667,,8.106666666666666666666666666666667
T118R22W4,2012-07,18.57967741935483870967741935483871,,7.272580645161290322580645161290323
T118R22W4,2012-08,,,
T118R22W4,2012-09,,,
T118R22W4,2012-10,,,
T118R22W4,2012-11,,,
T118R22W4,2012-12,,,
T118R22W4,2013-01,,,
T118R22W4,2013-02,-12.57410714285714285714285714285714,86.97642857142857142857142857142857,5.904285714285714285714285714285714
T118R22W4,2013-03,-12.83387096774193548387096774193548,,7.966451612903225806451612903225806
T118R22W4,2013-04,-2.959333333333333333333333333333333,61.623,8.663333333333333333333333333333333
T118R22W4,2013-05,8.966935483870967741935483870967742,,8.95
T118R22W4,2013-06,15.30166666666666666666666666666667,,7.903
T118R22W4,2013-07,14.79677419354838709677419354838710,,8.519032258064516129032258064516129
T118R22W4,2013-08,15.30741935483870967741935483870968,,7.517741935483870967741935483870968
T118R22W4,2013-09,11.35416666666666666666666666666667,,8.824
T118R22W4,2013-10,2.090967741935483870967741935483871,,8.396451612903225806451612903225806
T118R22W4,2013-11,-12.6555,,6.305666666666666666666666666666667
T118R22W4,2013-12,-25.30790322580645161290322580645161,76.45258064516129032258064516129032,4.831612903225806451612903225806452
T118R22W4,2014-01,-19.04903225806451612903225806451613,79.65258064516129032258064516129032,7.236774193548387096774193548387097
T118R22W4,2014-02,-21.39892857142857142857142857142857,73.71285714285714285714285714285714,6.048214285714285714285714285714286
T118R22W4,2014-03,,,8.112580645161290322580645161290323
T118R22W4,2014-04,,,
T118R22W4,2014-05,6.214193548387096774193548387096774,60.01258064516129032258064516129032,9.698387096774193548387096774193548
T118R22W4,2014-06,14.642,,7.977333333333333333333333333333333
T118R22W4,2014-07,17.88338709677419354838709677419355,72.14870967741935483870967741935484,7.548387096774193548387096774193548
T118R22W4,2014-08,15.07725806451612903225806451612903,71.51516129032258064516129032258065,7.37
T118R22W4,2014-09,7.845166666666666666666666666666667,79.14533333333333333333333333333333,7.968333333333333333333333333333333
T118R22W4,2014-10,2.047580645161290322580645161290323,89.86741935483870967741935483870968,8.046451612903225806451612903225806
T118R22W4,2014-11,-13.80866666666666666666666666666667,84.05866666666666666666666666666667,5.698
T118R22W4,2014-12,-15.99467741935483870967741935483871,85.88032258064516129032258064516129,5.356451612903225806451612903225806
T118R22W4,2015-01,-18.02016129032258064516129032258065,82.89387096774193548387096774193548,6.828387096774193548387096774193548
T118R22W4,2015-02,-20.14035714285714285714285714285714,77.12071428571428571428571428571429,7.931785714285714285714285714285714
T118R22W4,2015-03,-7.805806451612903225806451612903226,69.02161290322580645161290322580645,8.324193548387096774193548387096774
T118R22W4,2015-04,2.0765,51.81033333333333333333333333333333,10.24966666666666666666666666666667
T118R22W4,2015-05,9.290806451612903225806451612903226,45.39806451612903225806451612903226,8.323225806451612903225806451612903
T118R22W4,2015-06,14.7075,,8.265666666666666666666666666666667
T118R22W4,2015-07,15.56725806451612903225806451612903,,7.291612903225806451612903225806452
T118R22W4,2015-08,14.52177419354838709677419354838710,,8.799354838709677419354838709677419
T118R22W4,2015-09,7.764333333333333333333333333333333,,8.419333333333333333333333333333333
T118R22W4,2015-10,2.083387096774193548387096774193548,,8.394838709677419354838709677419355
T118R22W4,2015-11,-7.859,,6.443666666666666666666666666666667
T118R22W4,2015-12,-14.09532258064516129032258064516129,,
T118R22W4,2016-01,-14.92725806451612903225806451612903,,
T118R22W4,2016-02,-14.77120689655172413793103448275862,82.48448275862068965517241379310345,
T118R22W4,2016-03,-6.985967741935483870967741935483871,,7.819032258064516129032258064516129
T118R22W4,2016-04,0.385,,10.23
T118R22W4,2016-05,10.16693548387096774193548387096774,65.06838709677419354838709677419355,9.052258064516129032258064516129032
T118R22W4,2016-06,15.14833333333333333333333333333333,71.45933333333333333333333333333333,8.541333333333333333333333333333333
T118R22W4,2016-07,16.65370967741935483870967741935484,77.74290322580645161290322580645161,7.366774193548387096774193548387097
T118R22W4,2016-08,14.76774193548387096774193548387097,,8.399354838709677419354838709677419
T118R22W4,2016-09,8.640,83.13433333333333333333333333333333,9.469
T118R22W4,2016-10,,,6.338709677419354838709677419354839
T118R22W4,2016-11,,,
T118R22W4,2016-12,,,
T118R22W4,2017-01,,,
T118R22W4,2017-02,-14.73607142857142857142857142857143,79.73821428571428571428571428571429,6.325
T118R22W4,2017-03,-11.88064516129032258064516129032258,70.30774193548387096774193548387097,8.276451612903225806451612903225806
T118R22W4,2017-04,0.05583333333333333333333333333333333,55.899,9.399666666666666666666666666666667
T118R22W4,2017-05,9.951290322580645161290322580645161,58.87580645161290322580645161290323,9.959677419354838709677419354838710
T118R22W4,2017-06,13.59183333333333333333333333333333,65.55933333333333333333333333333333,8.421333333333333333333333333333333
T118R22W4,2017-07,16.76596774193548387096774193548387,,7.609032258064516129032258064516129
T118R22W4,2017-08,15.77338709677419354838709677419355,,7.934516129032258064516129032258065
T118R22W4,2017-09,10.322,,8.087333333333333333333333333333333
T118R22W4,2017-10,0.6979032258064516129032258064516129,87.22677419354838709677419354838710,8.355161290322580645161290322580645
T118R22W4,2017-11,,,
T118R22W4,2017-12,,,
T118R22W4,2018-01,,,
T118R22W4,2018-02,,,
T118R22W4,2018-03,,,
T118R22W4,2018-04,,,
T118R22W4,2018-05,,,
T118R22W4,2018-06,,,
T118R22W4,2018-07,,,
T118R22W4,2018-08,,,
T118R22W4,2018-09,,,
T118R22W4,2018-10,-0.9695161290322580645161290322580645,71.90419354838709677419354838709677,7.740967741935483870967741935483871
T118R22W4,2018-11,-11.05483333333333333333333333333333,83.22,5.149
T118R22W4,2018-12,-14.09048387096774193548387096774194,81.60903225806451612903225806451613,
T118R22W4,2019-01,-19.35193548387096774193548387096774,76.96322580645161290322580645161290,7.186129032258064516129032258064516
T118R22W4,2019-02,,,
T118R22W4,2019-03,,,
T118R22W4,2019-04,0.8313333333333333333333333333333333,60.56566666666666666666666666666667,8.272666666666666666666666666666667
T118R22W4,2019-05,7.751129032258064516129032258064516,49.29322580645161290322580645161290,8.569354838709677419354838709677419
T118R22W4,2019-06,13.00433333333333333333333333333333,65.379,8.03
T118R22W4,2019-07,15.26838709677419354838709677419355,65.10838709677419354838709677419355,
T118R22W4,2019-08,13.01725806451612903225806451612903,75.05419354838709677419354838709677,
T118R22W4,2019-09,8.596166666666666666666666666666667,78.593,
T118R22W4,2019-10,0.09032258064516129032258064516129032,79.21354838709677419354838709677419,
T118R22W4,2019-11,-10.09933333333333333333333333333333,80.942,
T118R22W4,2019-12,,,
T118R22W4,2020-01,,,
T118R22W4,2020-02,,,
T118R22W4,2020-03,-14.13758064516129032258064516129032,63.96129032258064516129032258064516,
T118R22W4,2020-04,-3.361166666666666666666666666666667,63.12066666666666666666666666666667,8.554333333333333333333333333333333
T118R22W4,2020-05,6.405483870967741935483870967741935,59.74064516129032258064516129032258,8.63
T118R22W4,2020-06,13.91683333333333333333333333333333,64.69866666666666666666666666666667,7.783666666666666666666666666666667
T118R22W4,2020-07,16.31419354838709677419354838709677,74.64645161290322580645161290322581,
T118R22W4,2020-08,14.60161290322580645161290322580645,78.30129032258064516129032258064516,8.360645161290322580645161290322581
T118R22W4,2020-09,8.229,77.82866666666666666666666666666667,6.874333333333333333333333333333333
T118R22W4,2020-10,,,
T118R22W4,2020-11,,,
T118R22W4,2020-12,,,
T118R22W4,2021-01,,,
T118R22W4,2021-02,,,
T118R22W4,2021-03,,,
T118R22W4,2021-04,,,
T118R22W4,2021-05,,,
T118R22W4,2021-06,,,
T118R22W4,2021-07,,,
T118R22W4,2021-08,,,
T118R22W4,2021-09,,,
T118R22W4,2021-10,,,
T118R22W4,2021-11,,,
T118R22W4,2021-12,,,
T118R22W4,2022-01,,,
T118R22W4,2022-02,,,
T118R22W4,2022-03,,,
T118R22W4,2022-04,,,
T118R22W4,2022-05,,,
T118R22W4,2022-06,,,
T118R22W4,2022-07,,,
T118R22W4,2022-08,,,
T118R22W4,2022-09,,,
T118R22W4,2022-10,,,
T118R22W4,2022-11,,,
T118R22W4,2022-12,,,
T118R22W4,2023-01,,,
T118R22W4,2023-02,-20.39125,72.88107142857142857142857142857143,
T118R22W4,2023-03,-12.74451612903225806451612903225806,64.24225806451612903225806451612903,6.686774193548387096774193548387097
T118R22W4,2023-04,2.986333333333333333333333333333333,58.734,8.187
T118R22W4,2023-05,,,
T118R22W4,2023-06,,,
T118R22W4,2023-07,,,
T118R22W4,2023-08,,,
T118R22W4,2023-09,12.97916666666666666666666666666667,70.07566666666666666666666666666667,5.537
T118R22W4,2023-10,3.031129032258064516129032258064516,75.29322580645161290322580645161290,7.00
T118R22W4,2023-11,,,
T118R22W4,2023-12,,,
T118R22W4,2024-01,-21.99870967741935483870967741935484,73.08741935483870967741935483870968,
T118R22W4,2024-02,-13.51982758620689655172413793103448,70.41068965517241379310344827586207,6.334827586206896551724137931034483
T118R22W4,2024-03,-10.40612903225806451612903225806452,59.92580645161290322580645161290323,7.490645161290322580645161290322581
T118R22W4,2024-04,,,
T118R22W4,2024-05,8.825161290322580645161290322580645,58.24193548387096774193548387096774,9.579354838709677419354838709677419
T118R22W4,2024-06,12.050,62.17633333333333333333333333333333,8.273333333333333333333333333333333
T118R22W4,2024-07,19.31322580645161290322580645161290,65.14903225806451612903225806451613,6.428387096774193548387096774193548
T118R22W4,2024-08,15.73677419354838709677419354838710,69.17709677419354838709677419354839,7.277096774193548387096774193548387
T118R22W4,2024-09,10.67466666666666666666666666666667,74.72666666666666666666666666666667,7.534333333333333333333333333333333
T118R22W4,2024-10,0.6201612903225806451612903225806452,76.76290322580645161290322580645161,8.650645161290322580645161290322581
T118R22W4,2024-11,,,
T118R22W4,2024-12,,,
